image_path,freshness_score
fresh\Fresh (1).jpg,0.0
fresh\Fresh (10).jpg,0.0
fresh\Fresh (100).jpg,0.0
fresh\Fresh (1000).jpg,0.0
fresh\Fresh (1001).jpg,0.0
fresh\Fresh (1002).jpg,0.0
fresh\Fresh (1003).jpg,0.0
fresh\Fresh (1004).jpg,0.0
fresh\Fresh (1005).jpg,0.0
fresh\Fresh (1006).jpg,0.0
fresh\Fresh (1007).jpg,0.0
fresh\Fresh (1008).jpg,0.0
fresh\Fresh (1009).jpg,0.0
fresh\Fresh (101).jpg,0.0
fresh\Fresh (1010).jpg,0.0
fresh\Fresh (1011).jpg,0.0
fresh\Fresh (1012).jpg,0.0
fresh\Fresh (1013).jpg,0.0
fresh\Fresh (1014).jpg,0.0
fresh\Fresh (1015).jpg,0.0
fresh\Fresh (1016).jpg,0.0
fresh\Fresh (1017).jpg,0.0
fresh\Fresh (1018).jpg,0.0
fresh\Fresh (1019).jpg,0.0
fresh\Fresh (102).jpg,0.0
fresh\Fresh (1020).jpg,0.0
fresh\Fresh (1021).jpg,0.0
fresh\Fresh (1022).jpg,0.0
fresh\Fresh (1023).jpg,0.0
fresh\Fresh (1024).jpg,0.0
fresh\Fresh (1025).jpg,0.0
fresh\Fresh (1026).jpg,0.0
fresh\Fresh (1027).jpg,0.0
fresh\Fresh (1028).jpg,0.0
fresh\Fresh (1029).jpg,0.0
fresh\Fresh (103).jpg,0.0
fresh\Fresh (1030).jpg,0.0
fresh\Fresh (1031).jpg,0.0
fresh\Fresh (1032).jpg,0.0
fresh\Fresh (1033).jpg,0.0
fresh\Fresh (1034).jpg,0.0
fresh\Fresh (1035).jpg,0.0
fresh\Fresh (1036).jpg,0.0
fresh\Fresh (1037).jpg,0.0
fresh\Fresh (1038).jpg,0.0
fresh\Fresh (1039).jpg,0.0
fresh\Fresh (104).jpg,0.0
fresh\Fresh (1040).jpg,0.0
fresh\Fresh (1041).jpg,0.0
fresh\Fresh (1042).jpg,0.0
fresh\Fresh (1043).jpg,0.0
fresh\Fresh (1044).jpg,0.0
fresh\Fresh (1045).jpg,0.0
fresh\Fresh (1046).jpg,0.0
fresh\Fresh (1047).jpg,0.0
fresh\Fresh (1048).jpg,0.0
fresh\Fresh (1049).jpg,0.0
fresh\Fresh (105).jpg,0.0
fresh\Fresh (1050).jpg,0.0
fresh\Fresh (1051).jpg,0.0
fresh\Fresh (1052).jpg,0.0
fresh\Fresh (1053).jpg,0.0
fresh\Fresh (1054).jpg,0.0
fresh\Fresh (1055).jpg,0.0
fresh\Fresh (1056).jpg,0.0
fresh\Fresh (1057).jpg,0.0
fresh\Fresh (1058).jpg,0.0
fresh\Fresh (1059).jpg,0.0
fresh\Fresh (106).jpg,0.0
fresh\Fresh (1060).jpg,0.0
fresh\Fresh (1061).jpg,0.0
fresh\Fresh (1062).jpg,0.0
fresh\Fresh (1063).jpg,0.0
fresh\Fresh (1064).jpg,0.0
fresh\Fresh (1065).jpg,0.0
fresh\Fresh (1066).jpg,0.0
fresh\Fresh (1067).jpg,0.0
fresh\Fresh (1068).jpg,0.0
fresh\Fresh (1069).jpg,0.0
fresh\Fresh (107).jpg,0.0
fresh\Fresh (1070).jpg,0.0
fresh\Fresh (1071).jpg,0.0
fresh\Fresh (1072).jpg,0.0
fresh\Fresh (1073).jpg,0.0
fresh\Fresh (1074).jpg,0.0
fresh\Fresh (1075).jpg,0.0
fresh\Fresh (1076).jpg,0.0
fresh\Fresh (1077).jpg,0.0
fresh\Fresh (1078).jpg,0.0
fresh\Fresh (1079).jpg,0.0
fresh\Fresh (108).jpg,0.0
fresh\Fresh (1080).jpg,0.0
fresh\Fresh (1081).jpg,0.0
fresh\Fresh (1082).jpg,0.0
fresh\Fresh (1083).jpg,0.0
fresh\Fresh (1084).jpg,0.0
fresh\Fresh (1085).jpg,0.0
fresh\Fresh (1086).jpg,0.0
fresh\Fresh (1087).jpg,0.0
fresh\Fresh (1088).jpg,0.0
fresh\Fresh (1089).jpg,0.0
fresh\Fresh (109).jpg,0.0
fresh\Fresh (1090).jpg,0.0
fresh\Fresh (1091).jpg,0.0
fresh\Fresh (1092).jpg,0.0
fresh\Fresh (1093).jpg,0.0
fresh\Fresh (1094).jpg,0.0
fresh\Fresh (1095).jpg,0.0
fresh\Fresh (1096).jpg,0.0
fresh\Fresh (1097).jpg,0.0
fresh\Fresh (1098).jpg,0.0
fresh\Fresh (1099).jpg,0.0
fresh\Fresh (11).jpg,0.0
fresh\Fresh (110).jpg,0.0
fresh\Fresh (1100).jpg,0.0
fresh\Fresh (1101).jpg,0.0
fresh\Fresh (1102).jpg,0.0
fresh\Fresh (1103).jpg,0.0
fresh\Fresh (1104).jpg,0.0
fresh\Fresh (1105).jpg,0.0
fresh\Fresh (1106).jpg,0.0
fresh\Fresh (1107).jpg,0.0
fresh\Fresh (1108).jpg,0.0
fresh\Fresh (1109).jpg,0.0
fresh\Fresh (111).jpg,0.0
fresh\Fresh (1110).jpg,0.0
fresh\Fresh (1111).jpg,0.0
fresh\Fresh (1112).jpg,0.0
fresh\Fresh (1113).jpg,0.0
fresh\Fresh (1114).jpg,0.0
fresh\Fresh (1115).jpg,0.0
fresh\Fresh (1116).jpg,0.0
fresh\Fresh (1117).jpg,0.0
fresh\Fresh (1118).jpg,0.0
fresh\Fresh (1119).jpg,0.0
fresh\Fresh (112).jpg,0.0
fresh\Fresh (1120).jpg,0.0
fresh\Fresh (1121).jpg,0.0
fresh\Fresh (1122).jpg,0.0
fresh\Fresh (1123).jpg,0.0
fresh\Fresh (1124).jpg,0.0
fresh\Fresh (1125).jpg,0.0
fresh\Fresh (1126).jpg,0.0
fresh\Fresh (1127).jpg,0.0
fresh\Fresh (1128).jpg,0.0
fresh\Fresh (1129).jpg,0.0
fresh\Fresh (113).jpg,0.0
fresh\Fresh (1130).jpg,0.0
fresh\Fresh (1131).jpg,0.0
fresh\Fresh (1132).jpg,0.0
fresh\Fresh (1133).jpg,0.0
fresh\Fresh (1134).jpg,0.0
fresh\Fresh (1135).jpg,0.0
fresh\Fresh (1136).jpg,0.0
fresh\Fresh (1137).jpg,0.0
fresh\Fresh (1138).jpg,0.0
fresh\Fresh (1139).jpg,0.0
fresh\Fresh (114).jpg,0.0
fresh\Fresh (1140).jpg,0.0
fresh\Fresh (1141).jpg,0.0
fresh\Fresh (1142).jpg,0.0
fresh\Fresh (1143).jpg,0.0
fresh\Fresh (1144).jpg,0.0
fresh\Fresh (1145).jpg,0.0
fresh\Fresh (1146).jpg,0.0
fresh\Fresh (1147).jpg,0.0
fresh\Fresh (1148).jpg,0.0
fresh\Fresh (1149).jpg,0.0
fresh\Fresh (115).jpg,0.0
fresh\Fresh (1150).jpg,0.0
fresh\Fresh (1151).jpg,0.0
fresh\Fresh (1152).jpg,0.0
fresh\Fresh (1153).jpg,0.0
fresh\Fresh (1154).jpg,0.0
fresh\Fresh (1155).jpg,0.0
fresh\Fresh (1156).jpg,0.0
fresh\Fresh (1157).jpg,0.0
fresh\Fresh (1158).jpg,0.0
fresh\Fresh (1159).jpg,0.0
fresh\Fresh (116).jpg,0.0
fresh\Fresh (1160).jpg,0.0
fresh\Fresh (1161).jpg,0.0
fresh\Fresh (1162).jpg,0.0
fresh\Fresh (1163).jpg,0.0
fresh\Fresh (1164).jpg,0.0
fresh\Fresh (1165).jpg,0.0
fresh\Fresh (1166).jpg,0.0
fresh\Fresh (1167).jpg,0.0
fresh\Fresh (1168).jpg,0.0
fresh\Fresh (1169).jpg,0.0
fresh\Fresh (117).jpg,0.0
fresh\Fresh (1170).jpg,0.0
fresh\Fresh (1171).jpg,0.0
fresh\Fresh (1172).jpg,0.0
fresh\Fresh (1173).jpg,0.0
fresh\Fresh (1174).jpg,0.0
fresh\Fresh (1175).jpg,0.0
fresh\Fresh (1176).jpg,0.0
fresh\Fresh (1177).jpg,0.0
fresh\Fresh (1178).jpg,0.0
fresh\Fresh (1179).jpg,0.0
fresh\Fresh (118).jpg,0.0
fresh\Fresh (1180).jpg,0.0
fresh\Fresh (1181).jpg,0.0
fresh\Fresh (1182).jpg,0.0
fresh\Fresh (1183).jpg,0.0
fresh\Fresh (1184).jpg,0.0
fresh\Fresh (1185).jpg,0.0
fresh\Fresh (1186).jpg,0.0
fresh\Fresh (1187).jpg,0.0
fresh\Fresh (1188).jpg,0.0
fresh\Fresh (1189).jpg,0.0
fresh\Fresh (119).jpg,0.0
fresh\Fresh (1190).jpg,0.0
fresh\Fresh (1191).jpg,0.0
fresh\Fresh (1192).jpg,0.0
fresh\Fresh (1193).jpg,0.0
fresh\Fresh (1194).jpg,0.0
fresh\Fresh (1195).jpg,0.0
fresh\Fresh (1196).jpg,0.0
fresh\Fresh (1197).jpg,0.0
fresh\Fresh (1198).jpg,0.0
fresh\Fresh (1199).jpg,0.0
fresh\Fresh (12).jpg,0.0
fresh\Fresh (120).jpg,0.0
fresh\Fresh (1200).jpg,0.0
fresh\Fresh (1201).jpg,0.0
fresh\Fresh (1202).jpg,0.0
fresh\Fresh (1203).jpg,0.0
fresh\Fresh (1204).jpg,0.0
fresh\Fresh (1205).jpg,0.0
fresh\Fresh (1206).jpg,0.0
fresh\Fresh (1207).jpg,0.0
fresh\Fresh (1208).jpg,0.0
fresh\Fresh (1209).jpg,0.0
fresh\Fresh (121).jpg,0.0
fresh\Fresh (1210).jpg,0.0
fresh\Fresh (1211).jpg,0.0
fresh\Fresh (1212).jpg,0.0
fresh\Fresh (1213).jpg,0.0
fresh\Fresh (1214).jpg,0.0
fresh\Fresh (1215).jpg,0.0
fresh\Fresh (1216).jpg,0.0
fresh\Fresh (1217).jpg,0.0
fresh\Fresh (1218).jpg,0.0
fresh\Fresh (1219).jpg,0.0
fresh\Fresh (122).jpg,0.0
fresh\Fresh (1220).jpg,0.0
fresh\Fresh (1221).jpg,0.0
fresh\Fresh (1222).jpg,0.0
fresh\Fresh (1223).jpg,0.0
fresh\Fresh (1224).jpg,0.0
fresh\Fresh (1225).jpg,0.0
fresh\Fresh (1226).jpg,0.0
fresh\Fresh (1227).jpg,0.0
fresh\Fresh (1228).jpg,0.0
fresh\Fresh (1229).jpg,0.0
fresh\Fresh (123).jpg,0.0
fresh\Fresh (1230).jpg,0.0
fresh\Fresh (1231).jpg,0.0
fresh\Fresh (1232).jpg,0.0
fresh\Fresh (1233).jpg,0.0
fresh\Fresh (1234).jpg,0.0
fresh\Fresh (1235).jpg,0.0
fresh\Fresh (1236).jpg,0.0
fresh\Fresh (1237).jpg,0.0
fresh\Fresh (1238).jpg,0.0
fresh\Fresh (1239).jpg,0.0
fresh\Fresh (124).jpg,0.0
fresh\Fresh (1240).jpg,0.0
fresh\Fresh (1241).jpg,0.0
fresh\Fresh (1242).jpg,0.0
fresh\Fresh (1243).jpg,0.0
fresh\Fresh (1244).jpg,0.0
fresh\Fresh (1245).jpg,0.0
fresh\Fresh (1246).jpg,0.0
fresh\Fresh (1247).jpg,0.0
fresh\Fresh (1248).jpg,0.0
fresh\Fresh (1249).jpg,0.0
fresh\Fresh (125).jpg,0.0
fresh\Fresh (1250).jpg,0.0
fresh\Fresh (1251).jpg,0.0
fresh\Fresh (1252).jpg,0.0
fresh\Fresh (1253).jpg,0.0
fresh\Fresh (1254).jpg,0.0
fresh\Fresh (1255).jpg,0.0
fresh\Fresh (1256).jpg,0.0
fresh\Fresh (1257).jpg,0.0
fresh\Fresh (1258).jpg,0.0
fresh\Fresh (1259).jpg,0.0
fresh\Fresh (126).jpg,0.0
fresh\Fresh (1260).jpg,0.0
fresh\Fresh (1261).jpg,0.0
fresh\Fresh (1262).jpg,0.0
fresh\Fresh (1263).jpg,0.0
fresh\Fresh (1264).jpg,0.0
fresh\Fresh (1265).jpg,0.0
fresh\Fresh (1266).jpg,0.0
fresh\Fresh (1267).jpg,0.0
fresh\Fresh (1268).jpg,0.0
fresh\Fresh (1269).jpg,0.0
fresh\Fresh (127).jpg,0.0
fresh\Fresh (1270).jpg,0.0
fresh\Fresh (1271).jpg,0.0
fresh\Fresh (1272).jpg,0.0
fresh\Fresh (1273).jpg,0.0
fresh\Fresh (1274).jpg,0.0
fresh\Fresh (1275).jpg,0.0
fresh\Fresh (1276).jpg,0.0
fresh\Fresh (1277).jpg,0.0
fresh\Fresh (1278).jpg,0.0
fresh\Fresh (1279).jpg,0.0
fresh\Fresh (128).jpg,0.0
fresh\Fresh (1280).jpg,0.0
fresh\Fresh (1281).jpg,0.0
fresh\Fresh (1282).jpg,0.0
fresh\Fresh (1283).jpg,0.0
fresh\Fresh (1284).jpg,0.0
fresh\Fresh (1285).jpg,0.0
fresh\Fresh (1286).jpg,0.0
fresh\Fresh (1287).jpg,0.0
fresh\Fresh (1288).jpg,0.0
fresh\Fresh (1289).jpg,0.0
fresh\Fresh (129).jpg,0.0
fresh\Fresh (1290).jpg,0.0
fresh\Fresh (1291).jpg,0.0
fresh\Fresh (1292).jpg,0.0
fresh\Fresh (1293).jpg,0.0
fresh\Fresh (1294).jpg,0.0
fresh\Fresh (1295).jpg,0.0
fresh\Fresh (1296).jpg,0.0
fresh\Fresh (1297).jpg,0.0
fresh\Fresh (1298).jpg,0.0
fresh\Fresh (1299).jpg,0.0
fresh\Fresh (13).jpg,0.0
fresh\Fresh (130).jpg,0.0
fresh\Fresh (1300).jpg,0.0
fresh\Fresh (1301).jpg,0.0
fresh\Fresh (1302).jpg,0.0
fresh\Fresh (1303).jpg,0.0
fresh\Fresh (1304).jpg,0.0
fresh\Fresh (1305).jpg,0.0
fresh\Fresh (1306).jpg,0.0
fresh\Fresh (1307).jpg,0.0
fresh\Fresh (1308).jpg,0.0
fresh\Fresh (1309).jpg,0.0
fresh\Fresh (131).jpg,0.0
fresh\Fresh (1310).jpg,0.0
fresh\Fresh (1311).jpg,0.0
fresh\Fresh (1312).jpg,0.0
fresh\Fresh (1313).jpg,0.0
fresh\Fresh (1314).jpg,0.0
fresh\Fresh (1315).jpg,0.0
fresh\Fresh (1316).jpg,0.0
fresh\Fresh (1317).jpg,0.0
fresh\Fresh (1318).jpg,0.0
fresh\Fresh (1319).jpg,0.0
fresh\Fresh (132).jpg,0.0
fresh\Fresh (1320).jpg,0.0
fresh\Fresh (1321).jpg,0.0
fresh\Fresh (1322).jpg,0.0
fresh\Fresh (1323).jpg,0.0
fresh\Fresh (1324).jpg,0.0
fresh\Fresh (1325).jpg,0.0
fresh\Fresh (1326).jpg,0.0
fresh\Fresh (1327).jpg,0.0
fresh\Fresh (1328).jpg,0.0
fresh\Fresh (1329).jpg,0.0
fresh\Fresh (133).jpg,0.0
fresh\Fresh (1330).jpg,0.0
fresh\Fresh (1331).jpg,0.0
fresh\Fresh (1332).jpg,0.0
fresh\Fresh (1333).jpg,0.0
fresh\Fresh (1334).jpg,0.0
fresh\Fresh (1335).jpg,0.0
fresh\Fresh (1336).jpg,0.0
fresh\Fresh (1337).jpg,0.0
fresh\Fresh (1338).jpg,0.0
fresh\Fresh (1339).jpg,0.0
fresh\Fresh (134).jpg,0.0
fresh\Fresh (1340).jpg,0.0
fresh\Fresh (1341).jpg,0.0
fresh\Fresh (1342).jpg,0.0
fresh\Fresh (1343).jpg,0.0
fresh\Fresh (1344).jpg,0.0
fresh\Fresh (1345).jpg,0.0
fresh\Fresh (1346).jpg,0.0
fresh\Fresh (1347).jpg,0.0
fresh\Fresh (1348).jpg,0.0
fresh\Fresh (1349).jpg,0.0
fresh\Fresh (135).jpg,0.0
fresh\Fresh (1350).jpg,0.0
fresh\Fresh (1351).jpg,0.0
fresh\Fresh (1352).jpg,0.0
fresh\Fresh (1353).jpg,0.0
fresh\Fresh (1354).jpg,0.0
fresh\Fresh (1355).jpg,0.0
fresh\Fresh (1356).jpg,0.0
fresh\Fresh (1357).jpg,0.0
fresh\Fresh (1358).jpg,0.0
fresh\Fresh (1359).jpg,0.0
fresh\Fresh (136).jpg,0.0
fresh\Fresh (1360).jpg,0.0
fresh\Fresh (1361).jpg,0.0
fresh\Fresh (1362).jpg,0.0
fresh\Fresh (1363).jpg,0.0
fresh\Fresh (1364).jpg,0.0
fresh\Fresh (1365).jpg,0.0
fresh\Fresh (1366).jpg,0.0
fresh\Fresh (1367).jpg,0.0
fresh\Fresh (1368).jpg,0.0
fresh\Fresh (1369).jpg,0.0
fresh\Fresh (137).jpg,0.0
fresh\Fresh (1370).jpg,0.0
fresh\Fresh (1371).jpg,0.0
fresh\Fresh (1372).jpg,0.0
fresh\Fresh (1373).jpg,0.0
fresh\Fresh (1374).jpg,0.0
fresh\Fresh (1375).jpg,0.0
fresh\Fresh (1376).jpg,0.0
fresh\Fresh (1377).jpg,0.0
fresh\Fresh (1378).jpg,0.0
fresh\Fresh (1379).jpg,0.0
fresh\Fresh (138).jpg,0.0
fresh\Fresh (1380).jpg,0.0
fresh\Fresh (1381).jpg,0.0
fresh\Fresh (1382).jpg,0.0
fresh\Fresh (1383).jpg,0.0
fresh\Fresh (1384).jpg,0.0
fresh\Fresh (1385).jpg,0.0
fresh\Fresh (1386).jpg,0.0
fresh\Fresh (1387).jpg,0.0
fresh\Fresh (1388).jpg,0.0
fresh\Fresh (1389).jpg,0.0
fresh\Fresh (139).jpg,0.0
fresh\Fresh (1390).jpg,0.0
fresh\Fresh (1391).jpg,0.0
fresh\Fresh (1392).jpg,0.0
fresh\Fresh (1393).jpg,0.0
fresh\Fresh (1394).jpg,0.0
fresh\Fresh (1395).jpg,0.0
fresh\Fresh (1396).jpg,0.0
fresh\Fresh (1397).jpg,0.0
fresh\Fresh (1398).jpg,0.0
fresh\Fresh (1399).jpg,0.0
fresh\Fresh (14).jpg,0.0
fresh\Fresh (140).jpg,0.0
fresh\Fresh (1400).jpg,0.0
fresh\Fresh (1401).jpg,0.0
fresh\Fresh (1402).jpg,0.0
fresh\Fresh (1403).jpg,0.0
fresh\Fresh (1404).jpg,0.0
fresh\Fresh (1405).jpg,0.0
fresh\Fresh (1406).jpg,0.0
fresh\Fresh (1407).jpg,0.0
fresh\Fresh (1408).jpg,0.0
fresh\Fresh (1409).jpg,0.0
fresh\Fresh (141).jpg,0.0
fresh\Fresh (1410).jpg,0.0
fresh\Fresh (1411).jpg,0.0
fresh\Fresh (1412).jpg,0.0
fresh\Fresh (1413).jpg,0.0
fresh\Fresh (1414).jpg,0.0
fresh\Fresh (1415).jpg,0.0
fresh\Fresh (1416).jpg,0.0
fresh\Fresh (1417).jpg,0.0
fresh\Fresh (1418).jpg,0.0
fresh\Fresh (1419).jpg,0.0
fresh\Fresh (142).jpg,0.0
fresh\Fresh (1420).jpg,0.0
fresh\Fresh (1421).jpg,0.0
fresh\Fresh (1422).jpg,0.0
fresh\Fresh (1423).jpg,0.0
fresh\Fresh (1424).jpg,0.0
fresh\Fresh (1425).jpg,0.0
fresh\Fresh (1426).jpg,0.0
fresh\Fresh (1427).jpg,0.0
fresh\Fresh (1428).jpg,0.0
fresh\Fresh (1429).jpg,0.0
fresh\Fresh (143).jpg,0.0
fresh\Fresh (1430).jpg,0.0
fresh\Fresh (1431).jpg,0.0
fresh\Fresh (1432).jpg,0.0
fresh\Fresh (1433).jpg,0.0
fresh\Fresh (1434).jpg,0.0
fresh\Fresh (1435).jpg,0.0
fresh\Fresh (1436).jpg,0.0
fresh\Fresh (1437).jpg,0.0
fresh\Fresh (1438).jpg,0.0
fresh\Fresh (1439).jpg,0.0
fresh\Fresh (144).jpg,0.0
fresh\Fresh (1440).jpg,0.0
fresh\Fresh (1441).jpg,0.0
fresh\Fresh (1442).jpg,0.0
fresh\Fresh (1443).jpg,0.0
fresh\Fresh (1444).jpg,0.0
fresh\Fresh (1445).jpg,0.0
fresh\Fresh (1446).jpg,0.0
fresh\Fresh (1447).jpg,0.0
fresh\Fresh (1448).jpg,0.0
fresh\Fresh (1449).jpg,0.0
fresh\Fresh (145).jpg,0.0
fresh\Fresh (1450).jpg,0.0
fresh\Fresh (1451).jpg,0.0
fresh\Fresh (1452).jpg,0.0
fresh\Fresh (1453).jpg,0.0
fresh\Fresh (1454).jpg,0.0
fresh\Fresh (1455).jpg,0.0
fresh\Fresh (1456).jpg,0.0
fresh\Fresh (1457).jpg,0.0
fresh\Fresh (1458).jpg,0.0
fresh\Fresh (1459).jpg,0.0
fresh\Fresh (146).jpg,0.0
fresh\Fresh (1460).jpg,0.0
fresh\Fresh (1461).jpg,0.0
fresh\Fresh (1462).jpg,0.0
fresh\Fresh (1463).jpg,0.0
fresh\Fresh (1464).jpg,0.0
fresh\Fresh (1465).jpg,0.0
fresh\Fresh (1466).jpg,0.0
fresh\Fresh (1467).jpg,0.0
fresh\Fresh (1468).jpg,0.0
fresh\Fresh (1469).jpg,0.0
fresh\Fresh (147).jpg,0.0
fresh\Fresh (1470).jpg,0.0
fresh\Fresh (1471).jpg,0.0
fresh\Fresh (1472).jpg,0.0
fresh\Fresh (1473).jpg,0.0
fresh\Fresh (1474).jpg,0.0
fresh\Fresh (1475).jpg,0.0
fresh\Fresh (1476).jpg,0.0
fresh\Fresh (1477).jpg,0.0
fresh\Fresh (1478).jpg,0.0
fresh\Fresh (1479).jpg,0.0
fresh\Fresh (148).jpg,0.0
fresh\Fresh (1480).jpg,0.0
fresh\Fresh (1481).jpg,0.0
fresh\Fresh (1482).jpg,0.0
fresh\Fresh (1483).jpg,0.0
fresh\Fresh (1484).jpg,0.0
fresh\Fresh (1485).jpg,0.0
fresh\Fresh (1486).jpg,0.0
fresh\Fresh (1487).jpg,0.0
fresh\Fresh (1488).jpg,0.0
fresh\Fresh (1489).jpg,0.0
fresh\Fresh (149).jpg,0.0
fresh\Fresh (1490).jpg,0.0
fresh\Fresh (1491).jpg,0.0
fresh\Fresh (1492).jpg,0.0
fresh\Fresh (1493).jpg,0.0
fresh\Fresh (1494).jpg,0.0
fresh\Fresh (1495).jpg,0.0
fresh\Fresh (1496).jpg,0.0
fresh\Fresh (1497).jpg,0.0
fresh\Fresh (1498).jpg,0.0
fresh\Fresh (1499).jpg,0.0
fresh\Fresh (15).jpg,0.0
fresh\Fresh (150).jpg,0.0
fresh\Fresh (1500).jpg,0.0
fresh\Fresh (1501).jpg,0.0
fresh\Fresh (1502).jpg,0.0
fresh\Fresh (1503).jpg,0.0
fresh\Fresh (1504).jpg,0.0
fresh\Fresh (1505).jpg,0.0
fresh\Fresh (1506).jpg,0.0
fresh\Fresh (1507).jpg,0.0
fresh\Fresh (1508).jpg,0.0
fresh\Fresh (1509).jpg,0.0
fresh\Fresh (151).jpg,0.0
fresh\Fresh (1510).jpg,0.0
fresh\Fresh (1511).jpg,0.0
fresh\Fresh (1512).jpg,0.0
fresh\Fresh (1513).jpg,0.0
fresh\Fresh (1514).jpg,0.0
fresh\Fresh (1515).jpg,0.0
fresh\Fresh (1516).jpg,0.0
fresh\Fresh (1517).jpg,0.0
fresh\Fresh (1518).jpg,0.0
fresh\Fresh (1519).jpg,0.0
fresh\Fresh (152).jpg,0.0
fresh\Fresh (1520).jpg,0.0
fresh\Fresh (1521).jpg,0.0
fresh\Fresh (1522).jpg,0.0
fresh\Fresh (1523).jpg,0.0
fresh\Fresh (1524).jpg,0.0
fresh\Fresh (1525).jpg,0.0
fresh\Fresh (1526).jpg,0.0
fresh\Fresh (1527).jpg,0.0
fresh\Fresh (1528).jpg,0.0
fresh\Fresh (1529).jpg,0.0
fresh\Fresh (153).jpg,0.0
fresh\Fresh (1530).jpg,0.0
fresh\Fresh (1531).jpg,0.0
fresh\Fresh (1532).jpg,0.0
fresh\Fresh (1533).jpg,0.0
fresh\Fresh (1534).jpg,0.0
fresh\Fresh (1535).jpg,0.0
fresh\Fresh (1536).jpg,0.0
fresh\Fresh (1537).jpg,0.0
fresh\Fresh (1538).jpg,0.0
fresh\Fresh (1539).jpg,0.0
fresh\Fresh (154).jpg,0.0
fresh\Fresh (1540).jpg,0.0
fresh\Fresh (1541).jpg,0.0
fresh\Fresh (1542).jpg,0.0
fresh\Fresh (1543).jpg,0.0
fresh\Fresh (1544).jpg,0.0
fresh\Fresh (1545).jpg,0.0
fresh\Fresh (1546).jpg,0.0
fresh\Fresh (1547).jpg,0.0
fresh\Fresh (1548).jpg,0.0
fresh\Fresh (1549).jpg,0.0
fresh\Fresh (155).jpg,0.0
fresh\Fresh (1550).jpg,0.0
fresh\Fresh (1551).jpg,0.0
fresh\Fresh (1552).jpg,0.0
fresh\Fresh (1553).jpg,0.0
fresh\Fresh (1554).jpg,0.0
fresh\Fresh (1555).jpg,0.0
fresh\Fresh (1556).jpg,0.0
fresh\Fresh (1557).jpg,0.0
fresh\Fresh (1558).jpg,0.0
fresh\Fresh (1559).jpg,0.0
fresh\Fresh (156).jpg,0.0
fresh\Fresh (1560).jpg,0.0
fresh\Fresh (1561).jpg,0.0
fresh\Fresh (1562).jpg,0.0
fresh\Fresh (1563).jpg,0.0
fresh\Fresh (1564).jpg,0.0
fresh\Fresh (1565).jpg,0.0
fresh\Fresh (1566).jpg,0.0
fresh\Fresh (1567).jpg,0.0
fresh\Fresh (1568).jpg,0.0
fresh\Fresh (1569).jpg,0.0
fresh\Fresh (157).jpg,0.0
fresh\Fresh (1570).jpg,0.0
fresh\Fresh (1571).jpg,0.0
fresh\Fresh (1572).jpg,0.0
fresh\Fresh (1573).jpg,0.0
fresh\Fresh (1574).jpg,0.0
fresh\Fresh (1575).jpg,0.0
fresh\Fresh (1576).jpg,0.0
fresh\Fresh (1577).jpg,0.0
fresh\Fresh (1578).jpg,0.0
fresh\Fresh (1579).jpg,0.0
fresh\Fresh (158).jpg,0.0
fresh\Fresh (1580).jpg,0.0
fresh\Fresh (1581).jpg,0.0
fresh\Fresh (1582).jpg,0.0
fresh\Fresh (1583).jpg,0.0
fresh\Fresh (1584).jpg,0.0
fresh\Fresh (1585).jpg,0.0
fresh\Fresh (1586).jpg,0.0
fresh\Fresh (1587).jpg,0.0
fresh\Fresh (1588).jpg,0.0
fresh\Fresh (1589).jpg,0.0
fresh\Fresh (159).jpg,0.0
fresh\Fresh (1590).jpg,0.0
fresh\Fresh (1591).jpg,0.0
fresh\Fresh (1592).jpg,0.0
fresh\Fresh (1593).jpg,0.0
fresh\Fresh (1594).jpg,0.0
fresh\Fresh (1595).jpg,0.0
fresh\Fresh (1596).jpg,0.0
fresh\Fresh (1597).jpg,0.0
fresh\Fresh (1598).jpg,0.0
fresh\Fresh (1599).jpg,0.0
fresh\Fresh (16).jpg,0.0
fresh\Fresh (160).jpg,0.0
fresh\Fresh (1600).jpg,0.0
fresh\Fresh (1601).jpg,0.0
fresh\Fresh (1602).jpg,0.0
fresh\Fresh (1603).jpg,0.0
fresh\Fresh (1604).jpg,0.0
fresh\Fresh (1605).jpg,0.0
fresh\Fresh (1606).jpg,0.0
fresh\Fresh (1607).jpg,0.0
fresh\Fresh (1608).jpg,0.0
fresh\Fresh (1609).jpg,0.0
fresh\Fresh (161).jpg,0.0
fresh\Fresh (1610).jpg,0.0
fresh\Fresh (1611).jpg,0.0
fresh\Fresh (1612).jpg,0.0
fresh\Fresh (1613).jpg,0.0
fresh\Fresh (1614).jpg,0.0
fresh\Fresh (1615).jpg,0.0
fresh\Fresh (1616).jpg,0.0
fresh\Fresh (1617).jpg,0.0
fresh\Fresh (1618).jpg,0.0
fresh\Fresh (1619).jpg,0.0
fresh\Fresh (162).jpg,0.0
fresh\Fresh (1620).jpg,0.0
fresh\Fresh (1621).jpg,0.0
fresh\Fresh (1622).jpg,0.0
fresh\Fresh (1623).jpg,0.0
fresh\Fresh (1624).jpg,0.0
fresh\Fresh (1625).jpg,0.0
fresh\Fresh (1626).jpg,0.0
fresh\Fresh (1627).jpg,0.0
fresh\Fresh (1628).jpg,0.0
fresh\Fresh (1629).jpg,0.0
fresh\Fresh (163).jpg,0.0
fresh\Fresh (1630).jpg,0.0
fresh\Fresh (1631).jpg,0.0
fresh\Fresh (1632).jpg,0.0
fresh\Fresh (1633).jpg,0.0
fresh\Fresh (1634).jpg,0.0
fresh\Fresh (164).jpg,0.0
fresh\Fresh (165).jpg,0.0
fresh\Fresh (166).jpg,0.0
fresh\Fresh (167).jpg,0.0
fresh\Fresh (168).jpg,0.0
fresh\Fresh (169).jpg,0.0
fresh\Fresh (17).jpg,0.0
fresh\Fresh (170).jpg,0.0
fresh\Fresh (171).jpg,0.0
fresh\Fresh (172).jpg,0.0
fresh\Fresh (173).jpg,0.0
fresh\Fresh (174).jpg,0.0
fresh\Fresh (175).jpg,0.0
fresh\Fresh (176).jpg,0.0
fresh\Fresh (177).jpg,0.0
fresh\Fresh (178).jpg,0.0
fresh\Fresh (179).jpg,0.0
fresh\Fresh (18).jpg,0.0
fresh\Fresh (180).jpg,0.0
fresh\Fresh (181).jpg,0.0
fresh\Fresh (182).jpg,0.0
fresh\Fresh (183).jpg,0.0
fresh\Fresh (184).jpg,0.0
fresh\Fresh (185).jpg,0.0
fresh\Fresh (186).jpg,0.0
fresh\Fresh (187).jpg,0.0
fresh\Fresh (188).jpg,0.0
fresh\Fresh (189).jpg,0.0
fresh\Fresh (19).jpg,0.0
fresh\Fresh (190).jpg,0.0
fresh\Fresh (191).jpg,0.0
fresh\Fresh (192).jpg,0.0
fresh\Fresh (193).jpg,0.0
fresh\Fresh (194).jpg,0.0
fresh\Fresh (195).jpg,0.0
fresh\Fresh (196).jpg,0.0
fresh\Fresh (197).jpg,0.0
fresh\Fresh (198).jpg,0.0
fresh\Fresh (199).jpg,0.0
fresh\Fresh (2).jpg,0.0
fresh\Fresh (20).jpg,0.0
fresh\Fresh (200).jpg,0.0
fresh\Fresh (201).jpg,0.0
fresh\Fresh (202).jpg,0.0
fresh\Fresh (203).jpg,0.0
fresh\Fresh (204).jpg,0.0
fresh\Fresh (205).jpg,0.0
fresh\Fresh (206).jpg,0.0
fresh\Fresh (207).jpg,0.0
fresh\Fresh (208).jpg,0.0
fresh\Fresh (209).jpg,0.0
fresh\Fresh (21).jpg,0.0
fresh\Fresh (210).jpg,0.0
fresh\Fresh (211).jpg,0.0
fresh\Fresh (212).jpg,0.0
fresh\Fresh (213).jpg,0.0
fresh\Fresh (214).jpg,0.0
fresh\Fresh (215).jpg,0.0
fresh\Fresh (216).jpg,0.0
fresh\Fresh (217).jpg,0.0
fresh\Fresh (218).jpg,0.0
fresh\Fresh (219).jpg,0.0
fresh\Fresh (22).jpg,0.0
fresh\Fresh (220).jpg,0.0
fresh\Fresh (221).jpg,0.0
fresh\Fresh (222).jpg,0.0
fresh\Fresh (223).jpg,0.0
fresh\Fresh (224).jpg,0.0
fresh\Fresh (225).jpg,0.0
fresh\Fresh (226).jpg,0.0
fresh\Fresh (227).jpg,0.0
fresh\Fresh (228).jpg,0.0
fresh\Fresh (229).jpg,0.0
fresh\Fresh (23).jpg,0.0
fresh\Fresh (230).jpg,0.0
fresh\Fresh (231).jpg,0.0
fresh\Fresh (232).jpg,0.0
fresh\Fresh (233).jpg,0.0
fresh\Fresh (234).jpg,0.0
fresh\Fresh (235).jpg,0.0
fresh\Fresh (236).jpg,0.0
fresh\Fresh (237).jpg,0.0
fresh\Fresh (238).jpg,0.0
fresh\Fresh (239).jpg,0.0
fresh\Fresh (24).jpg,0.0
fresh\Fresh (240).jpg,0.0
fresh\Fresh (241).jpg,0.0
fresh\Fresh (242).jpg,0.0
fresh\Fresh (243).jpg,0.0
fresh\Fresh (244).jpg,0.0
fresh\Fresh (245).jpg,0.0
fresh\Fresh (246).jpg,0.0
fresh\Fresh (247).jpg,0.0
fresh\Fresh (248).jpg,0.0
fresh\Fresh (249).jpg,0.0
fresh\Fresh (25).jpg,0.0
fresh\Fresh (250).jpg,0.0
fresh\Fresh (251).jpg,0.0
fresh\Fresh (252).jpg,0.0
fresh\Fresh (253).jpg,0.0
fresh\Fresh (254).jpg,0.0
fresh\Fresh (255).jpg,0.0
fresh\Fresh (256).jpg,0.0
fresh\Fresh (257).jpg,0.0
fresh\Fresh (258).jpg,0.0
fresh\Fresh (259).jpg,0.0
fresh\Fresh (26).jpg,0.0
fresh\Fresh (260).jpg,0.0
fresh\Fresh (261).jpg,0.0
fresh\Fresh (262).jpg,0.0
fresh\Fresh (263).jpg,0.0
fresh\Fresh (264).jpg,0.0
fresh\Fresh (265).jpg,0.0
fresh\Fresh (266).jpg,0.0
fresh\Fresh (267).jpg,0.0
fresh\Fresh (268).jpg,0.0
fresh\Fresh (269).jpg,0.0
fresh\Fresh (27).jpg,0.0
fresh\Fresh (270).jpg,0.0
fresh\Fresh (271).jpg,0.0
fresh\Fresh (272).jpg,0.0
fresh\Fresh (273).jpg,0.0
fresh\Fresh (274).jpg,0.0
fresh\Fresh (275).jpg,0.0
fresh\Fresh (276).jpg,0.0
fresh\Fresh (277).jpg,0.0
fresh\Fresh (278).jpg,0.0
fresh\Fresh (279).jpg,0.0
fresh\Fresh (28).jpg,0.0
fresh\Fresh (280).jpg,0.0
fresh\Fresh (281).jpg,0.0
fresh\Fresh (282).jpg,0.0
fresh\Fresh (283).jpg,0.0
fresh\Fresh (284).jpg,0.0
fresh\Fresh (285).jpg,0.0
fresh\Fresh (286).jpg,0.0
fresh\Fresh (287).jpg,0.0
fresh\Fresh (288).jpg,0.0
fresh\Fresh (289).jpg,0.0
fresh\Fresh (29).jpg,0.0
fresh\Fresh (290).jpg,0.0
fresh\Fresh (291).jpg,0.0
fresh\Fresh (292).jpg,0.0
fresh\Fresh (293).jpg,0.0
fresh\Fresh (294).jpg,0.0
fresh\Fresh (295).jpg,0.0
fresh\Fresh (296).jpg,0.0
fresh\Fresh (297).jpg,0.0
fresh\Fresh (298).jpg,0.0
fresh\Fresh (299).jpg,0.0
fresh\Fresh (3).jpg,0.0
fresh\Fresh (30).jpg,0.0
fresh\Fresh (300).jpg,0.0
fresh\Fresh (301).jpg,0.0
fresh\Fresh (302).jpg,0.0
fresh\Fresh (303).jpg,0.0
fresh\Fresh (304).jpg,0.0
fresh\Fresh (305).jpg,0.0
fresh\Fresh (306).jpg,0.0
fresh\Fresh (307).jpg,0.0
fresh\Fresh (308).jpg,0.0
fresh\Fresh (309).jpg,0.0
fresh\Fresh (31).jpg,0.0
fresh\Fresh (310).jpg,0.0
fresh\Fresh (311).jpg,0.0
fresh\Fresh (312).jpg,0.0
fresh\Fresh (313).jpg,0.0
fresh\Fresh (314).jpg,0.0
fresh\Fresh (315).jpg,0.0
fresh\Fresh (316).jpg,0.0
fresh\Fresh (317).jpg,0.0
fresh\Fresh (318).jpg,0.0
fresh\Fresh (319).jpg,0.0
fresh\Fresh (32).jpg,0.0
fresh\Fresh (320).jpg,0.0
fresh\Fresh (321).jpg,0.0
fresh\Fresh (322).jpg,0.0
fresh\Fresh (323).jpg,0.0
fresh\Fresh (324).jpg,0.0
fresh\Fresh (325).jpg,0.0
fresh\Fresh (326).jpg,0.0
fresh\Fresh (327).jpg,0.0
fresh\Fresh (328).jpg,0.0
fresh\Fresh (329).jpg,0.0
fresh\Fresh (33).jpg,0.0
fresh\Fresh (330).jpg,0.0
fresh\Fresh (331).jpg,0.0
fresh\Fresh (332).jpg,0.0
fresh\Fresh (333).jpg,0.0
fresh\Fresh (334).jpg,0.0
fresh\Fresh (335).jpg,0.0
fresh\Fresh (336).jpg,0.0
fresh\Fresh (337).jpg,0.0
fresh\Fresh (338).jpg,0.0
fresh\Fresh (339).jpg,0.0
fresh\Fresh (34).jpg,0.0
fresh\Fresh (340).jpg,0.0
fresh\Fresh (341).jpg,0.0
fresh\Fresh (342).jpg,0.0
fresh\Fresh (343).jpg,0.0
fresh\Fresh (344).jpg,0.0
fresh\Fresh (345).jpg,0.0
fresh\Fresh (346).jpg,0.0
fresh\Fresh (347).jpg,0.0
fresh\Fresh (348).jpg,0.0
fresh\Fresh (349).jpg,0.0
fresh\Fresh (35).jpg,0.0
fresh\Fresh (350).jpg,0.0
fresh\Fresh (351).jpg,0.0
fresh\Fresh (352).jpg,0.0
fresh\Fresh (353).jpg,0.0
fresh\Fresh (354).jpg,0.0
fresh\Fresh (355).jpg,0.0
fresh\Fresh (356).jpg,0.0
fresh\Fresh (357).jpg,0.0
fresh\Fresh (358).jpg,0.0
fresh\Fresh (359).jpg,0.0
fresh\Fresh (36).jpg,0.0
fresh\Fresh (360).jpg,0.0
fresh\Fresh (361).jpg,0.0
fresh\Fresh (362).jpg,0.0
fresh\Fresh (363).jpg,0.0
fresh\Fresh (364).jpg,0.0
fresh\Fresh (365).jpg,0.0
fresh\Fresh (366).jpg,0.0
fresh\Fresh (367).jpg,0.0
fresh\Fresh (368).jpg,0.0
fresh\Fresh (369).jpg,0.0
fresh\Fresh (37).jpg,0.0
fresh\Fresh (370).jpg,0.0
fresh\Fresh (371).jpg,0.0
fresh\Fresh (372).jpg,0.0
fresh\Fresh (373).jpg,0.0
fresh\Fresh (374).jpg,0.0
fresh\Fresh (375).jpg,0.0
fresh\Fresh (376).jpg,0.0
fresh\Fresh (377).jpg,0.0
fresh\Fresh (378).jpg,0.0
fresh\Fresh (379).jpg,0.0
fresh\Fresh (38).jpg,0.0
fresh\Fresh (380).jpg,0.0
fresh\Fresh (381).jpg,0.0
fresh\Fresh (382).jpg,0.0
fresh\Fresh (383).jpg,0.0
fresh\Fresh (384).jpg,0.0
fresh\Fresh (385).jpg,0.0
fresh\Fresh (386).jpg,0.0
fresh\Fresh (387).jpg,0.0
fresh\Fresh (388).jpg,0.0
fresh\Fresh (389).jpg,0.0
fresh\Fresh (39).jpg,0.0
fresh\Fresh (390).jpg,0.0
fresh\Fresh (391).jpg,0.0
fresh\Fresh (392).jpg,0.0
fresh\Fresh (393).jpg,0.0
fresh\Fresh (394).jpg,0.0
fresh\Fresh (395).jpg,0.0
fresh\Fresh (396).jpg,0.0
fresh\Fresh (397).jpg,0.0
fresh\Fresh (398).jpg,0.0
fresh\Fresh (399).jpg,0.0
fresh\Fresh (4).jpg,0.0
fresh\Fresh (40).jpg,0.0
fresh\Fresh (400).jpg,0.0
fresh\Fresh (401).jpg,0.0
fresh\Fresh (402).jpg,0.0
fresh\Fresh (403).jpg,0.0
fresh\Fresh (404).jpg,0.0
fresh\Fresh (405).jpg,0.0
fresh\Fresh (406).jpg,0.0
fresh\Fresh (407).jpg,0.0
fresh\Fresh (408).jpg,0.0
fresh\Fresh (409).jpg,0.0
fresh\Fresh (41).jpg,0.0
fresh\Fresh (410).jpg,0.0
fresh\Fresh (411).jpg,0.0
fresh\Fresh (412).jpg,0.0
fresh\Fresh (413).jpg,0.0
fresh\Fresh (414).jpg,0.0
fresh\Fresh (415).jpg,0.0
fresh\Fresh (416).jpg,0.0
fresh\Fresh (417).jpg,0.0
fresh\Fresh (418).jpg,0.0
fresh\Fresh (419).jpg,0.0
fresh\Fresh (42).jpg,0.0
fresh\Fresh (420).jpg,0.0
fresh\Fresh (421).jpg,0.0
fresh\Fresh (422).jpg,0.0
fresh\Fresh (423).jpg,0.0
fresh\Fresh (424).jpg,0.0
fresh\Fresh (425).jpg,0.0
fresh\Fresh (426).jpg,0.0
fresh\Fresh (427).jpg,0.0
fresh\Fresh (428).jpg,0.0
fresh\Fresh (429).jpg,0.0
fresh\Fresh (43).jpg,0.0
fresh\Fresh (430).jpg,0.0
fresh\Fresh (431).jpg,0.0
fresh\Fresh (432).jpg,0.0
fresh\Fresh (433).jpg,0.0
fresh\Fresh (434).jpg,0.0
fresh\Fresh (435).jpg,0.0
fresh\Fresh (436).jpg,0.0
fresh\Fresh (437).jpg,0.0
fresh\Fresh (438).jpg,0.0
fresh\Fresh (439).jpg,0.0
fresh\Fresh (44).jpg,0.0
fresh\Fresh (440).jpg,0.0
fresh\Fresh (441).jpg,0.0
fresh\Fresh (442).jpg,0.0
fresh\Fresh (443).jpg,0.0
fresh\Fresh (444).jpg,0.0
fresh\Fresh (445).jpg,0.0
fresh\Fresh (446).jpg,0.0
fresh\Fresh (447).jpg,0.0
fresh\Fresh (448).jpg,0.0
fresh\Fresh (449).jpg,0.0
fresh\Fresh (45).jpg,0.0
fresh\Fresh (450).jpg,0.0
fresh\Fresh (451).jpg,0.0
fresh\Fresh (452).jpg,0.0
fresh\Fresh (453).jpg,0.0
fresh\Fresh (454).jpg,0.0
fresh\Fresh (455).jpg,0.0
fresh\Fresh (456).jpg,0.0
fresh\Fresh (457).jpg,0.0
fresh\Fresh (458).jpg,0.0
fresh\Fresh (459).jpg,0.0
fresh\Fresh (46).jpg,0.0
fresh\Fresh (460).jpg,0.0
fresh\Fresh (461).jpg,0.0
fresh\Fresh (462).jpg,0.0
fresh\Fresh (463).jpg,0.0
fresh\Fresh (464).jpg,0.0
fresh\Fresh (465).jpg,0.0
fresh\Fresh (466).jpg,0.0
fresh\Fresh (467).jpg,0.0
fresh\Fresh (468).jpg,0.0
fresh\Fresh (469).jpg,0.0
fresh\Fresh (47).jpg,0.0
fresh\Fresh (470).jpg,0.0
fresh\Fresh (471).jpg,0.0
fresh\Fresh (472).jpg,0.0
fresh\Fresh (473).jpg,0.0
fresh\Fresh (474).jpg,0.0
fresh\Fresh (475).jpg,0.0
fresh\Fresh (476).jpg,0.0
fresh\Fresh (477).jpg,0.0
fresh\Fresh (478).jpg,0.0
fresh\Fresh (479).jpg,0.0
fresh\Fresh (48).jpg,0.0
fresh\Fresh (480).jpg,0.0
fresh\Fresh (481).jpg,0.0
fresh\Fresh (482).jpg,0.0
fresh\Fresh (483).jpg,0.0
fresh\Fresh (484).jpg,0.0
fresh\Fresh (485).jpg,0.0
fresh\Fresh (486).jpg,0.0
fresh\Fresh (487).jpg,0.0
fresh\Fresh (488).jpg,0.0
fresh\Fresh (489).jpg,0.0
fresh\Fresh (49).jpg,0.0
fresh\Fresh (490).jpg,0.0
fresh\Fresh (491).jpg,0.0
fresh\Fresh (492).jpg,0.0
fresh\Fresh (493).jpg,0.0
fresh\Fresh (494).jpg,0.0
fresh\Fresh (495).jpg,0.0
fresh\Fresh (496).jpg,0.0
fresh\Fresh (497).jpg,0.0
fresh\Fresh (498).jpg,0.0
fresh\Fresh (499).jpg,0.0
fresh\Fresh (5).jpg,0.0
fresh\Fresh (50).jpg,0.0
fresh\Fresh (500).jpg,0.0
fresh\Fresh (501).jpg,0.0
fresh\Fresh (502).jpg,0.0
fresh\Fresh (503).jpg,0.0
fresh\Fresh (504).jpg,0.0
fresh\Fresh (505).jpg,0.0
fresh\Fresh (506).jpg,0.0
fresh\Fresh (507).jpg,0.0
fresh\Fresh (508).jpg,0.0
fresh\Fresh (509).jpg,0.0
fresh\Fresh (51).jpg,0.0
fresh\Fresh (510).jpg,0.0
fresh\Fresh (511).jpg,0.0
fresh\Fresh (512).jpg,0.0
fresh\Fresh (513).jpg,0.0
fresh\Fresh (514).jpg,0.0
fresh\Fresh (515).jpg,0.0
fresh\Fresh (516).jpg,0.0
fresh\Fresh (517).jpg,0.0
fresh\Fresh (518).jpg,0.0
fresh\Fresh (519).jpg,0.0
fresh\Fresh (52).jpg,0.0
fresh\Fresh (520).jpg,0.0
fresh\Fresh (521).jpg,0.0
fresh\Fresh (522).jpg,0.0
fresh\Fresh (523).jpg,0.0
fresh\Fresh (524).jpg,0.0
fresh\Fresh (525).jpg,0.0
fresh\Fresh (526).jpg,0.0
fresh\Fresh (527).jpg,0.0
fresh\Fresh (528).jpg,0.0
fresh\Fresh (529).jpg,0.0
fresh\Fresh (53).jpg,0.0
fresh\Fresh (530).jpg,0.0
fresh\Fresh (531).jpg,0.0
fresh\Fresh (532).jpg,0.0
fresh\Fresh (533).jpg,0.0
fresh\Fresh (534).jpg,0.0
fresh\Fresh (535).jpg,0.0
fresh\Fresh (536).jpg,0.0
fresh\Fresh (537).jpg,0.0
fresh\Fresh (538).jpg,0.0
fresh\Fresh (539).jpg,0.0
fresh\Fresh (54).jpg,0.0
fresh\Fresh (540).jpg,0.0
fresh\Fresh (541).jpg,0.0
fresh\Fresh (542).jpg,0.0
fresh\Fresh (543).jpg,0.0
fresh\Fresh (544).jpg,0.0
fresh\Fresh (545).jpg,0.0
fresh\Fresh (546).jpg,0.0
fresh\Fresh (547).jpg,0.0
fresh\Fresh (548).jpg,0.0
fresh\Fresh (549).jpg,0.0
fresh\Fresh (55).jpg,0.0
fresh\Fresh (550).jpg,0.0
fresh\Fresh (551).jpg,0.0
fresh\Fresh (552).jpg,0.0
fresh\Fresh (553).jpg,0.0
fresh\Fresh (554).jpg,0.0
fresh\Fresh (555).jpg,0.0
fresh\Fresh (556).jpg,0.0
fresh\Fresh (557).jpg,0.0
fresh\Fresh (558).jpg,0.0
fresh\Fresh (559).jpg,0.0
fresh\Fresh (56).jpg,0.0
fresh\Fresh (560).jpg,0.0
fresh\Fresh (561).jpg,0.0
fresh\Fresh (562).jpg,0.0
fresh\Fresh (563).jpg,0.0
fresh\Fresh (564).jpg,0.0
fresh\Fresh (565).jpg,0.0
fresh\Fresh (566).jpg,0.0
fresh\Fresh (567).jpg,0.0
fresh\Fresh (568).jpg,0.0
fresh\Fresh (569).jpg,0.0
fresh\Fresh (57).jpg,0.0
fresh\Fresh (570).jpg,0.0
fresh\Fresh (571).jpg,0.0
fresh\Fresh (572).jpg,0.0
fresh\Fresh (573).jpg,0.0
fresh\Fresh (574).jpg,0.0
fresh\Fresh (575).jpg,0.0
fresh\Fresh (576).jpg,0.0
fresh\Fresh (577).jpg,0.0
fresh\Fresh (578).jpg,0.0
fresh\Fresh (579).jpg,0.0
fresh\Fresh (58).jpg,0.0
fresh\Fresh (580).jpg,0.0
fresh\Fresh (581).jpg,0.0
fresh\Fresh (582).jpg,0.0
fresh\Fresh (583).jpg,0.0
fresh\Fresh (584).jpg,0.0
fresh\Fresh (585).jpg,0.0
fresh\Fresh (586).jpg,0.0
fresh\Fresh (587).jpg,0.0
fresh\Fresh (588).jpg,0.0
fresh\Fresh (589).jpg,0.0
fresh\Fresh (59).jpg,0.0
fresh\Fresh (590).jpg,0.0
fresh\Fresh (591).jpg,0.0
fresh\Fresh (592).jpg,0.0
fresh\Fresh (593).jpg,0.0
fresh\Fresh (594).jpg,0.0
fresh\Fresh (595).jpg,0.0
fresh\Fresh (596).jpg,0.0
fresh\Fresh (597).jpg,0.0
fresh\Fresh (598).jpg,0.0
fresh\Fresh (599).jpg,0.0
fresh\Fresh (6).jpg,0.0
fresh\Fresh (60).jpg,0.0
fresh\Fresh (600).jpg,0.0
fresh\Fresh (601).jpg,0.0
fresh\Fresh (602).jpg,0.0
fresh\Fresh (603).jpg,0.0
fresh\Fresh (604).jpg,0.0
fresh\Fresh (605).jpg,0.0
fresh\Fresh (606).jpg,0.0
fresh\Fresh (607).jpg,0.0
fresh\Fresh (608).jpg,0.0
fresh\Fresh (609).jpg,0.0
fresh\Fresh (61).jpg,0.0
fresh\Fresh (610).jpg,0.0
fresh\Fresh (611).jpg,0.0
fresh\Fresh (612).jpg,0.0
fresh\Fresh (613).jpg,0.0
fresh\Fresh (614).jpg,0.0
fresh\Fresh (615).jpg,0.0
fresh\Fresh (616).jpg,0.0
fresh\Fresh (617).jpg,0.0
fresh\Fresh (618).jpg,0.0
fresh\Fresh (619).jpg,0.0
fresh\Fresh (62).jpg,0.0
fresh\Fresh (620).jpg,0.0
fresh\Fresh (621).jpg,0.0
fresh\Fresh (622).jpg,0.0
fresh\Fresh (623).jpg,0.0
fresh\Fresh (624).jpg,0.0
fresh\Fresh (625).jpg,0.0
fresh\Fresh (626).jpg,0.0
fresh\Fresh (627).jpg,0.0
fresh\Fresh (628).jpg,0.0
fresh\Fresh (629).jpg,0.0
fresh\Fresh (63).jpg,0.0
fresh\Fresh (630).jpg,0.0
fresh\Fresh (631).jpg,0.0
fresh\Fresh (632).jpg,0.0
fresh\Fresh (633).jpg,0.0
fresh\Fresh (634).jpg,0.0
fresh\Fresh (635).jpg,0.0
fresh\Fresh (636).jpg,0.0
fresh\Fresh (637).jpg,0.0
fresh\Fresh (638).jpg,0.0
fresh\Fresh (639).jpg,0.0
fresh\Fresh (64).jpg,0.0
fresh\Fresh (640).jpg,0.0
fresh\Fresh (641).jpg,0.0
fresh\Fresh (642).jpg,0.0
fresh\Fresh (643).jpg,0.0
fresh\Fresh (644).jpg,0.0
fresh\Fresh (645).jpg,0.0
fresh\Fresh (646).jpg,0.0
fresh\Fresh (647).jpg,0.0
fresh\Fresh (648).jpg,0.0
fresh\Fresh (649).jpg,0.0
fresh\Fresh (65).jpg,0.0
fresh\Fresh (650).jpg,0.0
fresh\Fresh (651).jpg,0.0
fresh\Fresh (652).jpg,0.0
fresh\Fresh (653).jpg,0.0
fresh\Fresh (654).jpg,0.0
fresh\Fresh (655).jpg,0.0
fresh\Fresh (656).jpg,0.0
fresh\Fresh (657).jpg,0.0
fresh\Fresh (658).jpg,0.0
fresh\Fresh (659).jpg,0.0
fresh\Fresh (66).jpg,0.0
fresh\Fresh (660).jpg,0.0
fresh\Fresh (661).jpg,0.0
fresh\Fresh (662).jpg,0.0
fresh\Fresh (663).jpg,0.0
fresh\Fresh (664).jpg,0.0
fresh\Fresh (665).jpg,0.0
fresh\Fresh (666).jpg,0.0
fresh\Fresh (667).jpg,0.0
fresh\Fresh (668).jpg,0.0
fresh\Fresh (669).jpg,0.0
fresh\Fresh (67).jpg,0.0
fresh\Fresh (670).jpg,0.0
fresh\Fresh (671).jpg,0.0
fresh\Fresh (672).jpg,0.0
fresh\Fresh (673).jpg,0.0
fresh\Fresh (674).jpg,0.0
fresh\Fresh (675).jpg,0.0
fresh\Fresh (676).jpg,0.0
fresh\Fresh (677).jpg,0.0
fresh\Fresh (678).jpg,0.0
fresh\Fresh (679).jpg,0.0
fresh\Fresh (68).jpg,0.0
fresh\Fresh (680).jpg,0.0
fresh\Fresh (681).jpg,0.0
fresh\Fresh (682).jpg,0.0
fresh\Fresh (683).jpg,0.0
fresh\Fresh (684).jpg,0.0
fresh\Fresh (685).jpg,0.0
fresh\Fresh (686).jpg,0.0
fresh\Fresh (687).jpg,0.0
fresh\Fresh (688).jpg,0.0
fresh\Fresh (689).jpg,0.0
fresh\Fresh (69).jpg,0.0
fresh\Fresh (690).jpg,0.0
fresh\Fresh (691).jpg,0.0
fresh\Fresh (692).jpg,0.0
fresh\Fresh (693).jpg,0.0
fresh\Fresh (694).jpg,0.0
fresh\Fresh (695).jpg,0.0
fresh\Fresh (696).jpg,0.0
fresh\Fresh (697).jpg,0.0
fresh\Fresh (698).jpg,0.0
fresh\Fresh (699).jpg,0.0
fresh\Fresh (7).jpg,0.0
fresh\Fresh (70).jpg,0.0
fresh\Fresh (700).jpg,0.0
fresh\Fresh (701).jpg,0.0
fresh\Fresh (702).jpg,0.0
fresh\Fresh (703).jpg,0.0
fresh\Fresh (704).jpg,0.0
fresh\Fresh (705).jpg,0.0
fresh\Fresh (706).jpg,0.0
fresh\Fresh (707).jpg,0.0
fresh\Fresh (708).jpg,0.0
fresh\Fresh (709).jpg,0.0
fresh\Fresh (71).jpg,0.0
fresh\Fresh (710).jpg,0.0
fresh\Fresh (711).jpg,0.0
fresh\Fresh (712).jpg,0.0
fresh\Fresh (713).jpg,0.0
fresh\Fresh (714).jpg,0.0
fresh\Fresh (715).jpg,0.0
fresh\Fresh (716).jpg,0.0
fresh\Fresh (717).jpg,0.0
fresh\Fresh (718).jpg,0.0
fresh\Fresh (719).jpg,0.0
fresh\Fresh (72).jpg,0.0
fresh\Fresh (720).jpg,0.0
fresh\Fresh (721).jpg,0.0
fresh\Fresh (722).jpg,0.0
fresh\Fresh (723).jpg,0.0
fresh\Fresh (724).jpg,0.0
fresh\Fresh (725).jpg,0.0
fresh\Fresh (726).jpg,0.0
fresh\Fresh (727).jpg,0.0
fresh\Fresh (728).jpg,0.0
fresh\Fresh (729).jpg,0.0
fresh\Fresh (73).jpg,0.0
fresh\Fresh (730).jpg,0.0
fresh\Fresh (731).jpg,0.0
fresh\Fresh (732).jpg,0.0
fresh\Fresh (733).jpg,0.0
fresh\Fresh (734).jpg,0.0
fresh\Fresh (735).jpg,0.0
fresh\Fresh (736).jpg,0.0
fresh\Fresh (737).jpg,0.0
fresh\Fresh (738).jpg,0.0
fresh\Fresh (739).jpg,0.0
fresh\Fresh (74).jpg,0.0
fresh\Fresh (740).jpg,0.0
fresh\Fresh (741).jpg,0.0
fresh\Fresh (742).jpg,0.0
fresh\Fresh (743).jpg,0.0
fresh\Fresh (744).jpg,0.0
fresh\Fresh (745).jpg,0.0
fresh\Fresh (746).jpg,0.0
fresh\Fresh (747).jpg,0.0
fresh\Fresh (748).jpg,0.0
fresh\Fresh (749).jpg,0.0
fresh\Fresh (75).jpg,0.0
fresh\Fresh (750).jpg,0.0
fresh\Fresh (751).jpg,0.0
fresh\Fresh (752).jpg,0.0
fresh\Fresh (753).jpg,0.0
fresh\Fresh (754).jpg,0.0
fresh\Fresh (755).jpg,0.0
fresh\Fresh (756).jpg,0.0
fresh\Fresh (757).jpg,0.0
fresh\Fresh (758).jpg,0.0
fresh\Fresh (759).jpg,0.0
fresh\Fresh (76).jpg,0.0
fresh\Fresh (760).jpg,0.0
fresh\Fresh (761).jpg,0.0
fresh\Fresh (762).jpg,0.0
fresh\Fresh (763).jpg,0.0
fresh\Fresh (764).jpg,0.0
fresh\Fresh (765).jpg,0.0
fresh\Fresh (766).jpg,0.0
fresh\Fresh (767).jpg,0.0
fresh\Fresh (768).jpg,0.0
fresh\Fresh (769).jpg,0.0
fresh\Fresh (77).jpg,0.0
fresh\Fresh (770).jpg,0.0
fresh\Fresh (771).jpg,0.0
fresh\Fresh (772).jpg,0.0
fresh\Fresh (773).jpg,0.0
fresh\Fresh (774).jpg,0.0
fresh\Fresh (775).jpg,0.0
fresh\Fresh (776).jpg,0.0
fresh\Fresh (777).jpg,0.0
fresh\Fresh (778).jpg,0.0
fresh\Fresh (779).jpg,0.0
fresh\Fresh (78).jpg,0.0
fresh\Fresh (780).jpg,0.0
fresh\Fresh (781).jpg,0.0
fresh\Fresh (782).jpg,0.0
fresh\Fresh (783).jpg,0.0
fresh\Fresh (784).jpg,0.0
fresh\Fresh (785).jpg,0.0
fresh\Fresh (786).jpg,0.0
fresh\Fresh (787).jpg,0.0
fresh\Fresh (788).jpg,0.0
fresh\Fresh (789).jpg,0.0
fresh\Fresh (79).jpg,0.0
fresh\Fresh (790).jpg,0.0
fresh\Fresh (791).jpg,0.0
fresh\Fresh (792).jpg,0.0
fresh\Fresh (793).jpg,0.0
fresh\Fresh (794).jpg,0.0
fresh\Fresh (795).jpg,0.0
fresh\Fresh (796).jpg,0.0
fresh\Fresh (797).jpg,0.0
fresh\Fresh (798).jpg,0.0
fresh\Fresh (799).jpg,0.0
fresh\Fresh (8).jpg,0.0
fresh\Fresh (80).jpg,0.0
fresh\Fresh (800).jpg,0.0
fresh\Fresh (801).jpg,0.0
fresh\Fresh (802).jpg,0.0
fresh\Fresh (803).jpg,0.0
fresh\Fresh (804).jpg,0.0
fresh\Fresh (805).jpg,0.0
fresh\Fresh (806).jpg,0.0
fresh\Fresh (807).jpg,0.0
fresh\Fresh (808).jpg,0.0
fresh\Fresh (809).jpg,0.0
fresh\Fresh (81).jpg,0.0
fresh\Fresh (810).jpg,0.0
fresh\Fresh (811).jpg,0.0
fresh\Fresh (812).jpg,0.0
fresh\Fresh (813).jpg,0.0
fresh\Fresh (814).jpg,0.0
fresh\Fresh (815).jpg,0.0
fresh\Fresh (816).jpg,0.0
fresh\Fresh (817).jpg,0.0
fresh\Fresh (818).jpg,0.0
fresh\Fresh (819).jpg,0.0
fresh\Fresh (82).jpg,0.0
fresh\Fresh (820).jpg,0.0
fresh\Fresh (821).jpg,0.0
fresh\Fresh (822).jpg,0.0
fresh\Fresh (823).jpg,0.0
fresh\Fresh (824).jpg,0.0
fresh\Fresh (825).jpg,0.0
fresh\Fresh (826).jpg,0.0
fresh\Fresh (827).jpg,0.0
fresh\Fresh (828).jpg,0.0
fresh\Fresh (829).jpg,0.0
fresh\Fresh (83).jpg,0.0
fresh\Fresh (830).jpg,0.0
fresh\Fresh (831).jpg,0.0
fresh\Fresh (832).jpg,0.0
fresh\Fresh (833).jpg,0.0
fresh\Fresh (834).jpg,0.0
fresh\Fresh (835).jpg,0.0
fresh\Fresh (836).jpg,0.0
fresh\Fresh (837).jpg,0.0
fresh\Fresh (838).jpg,0.0
fresh\Fresh (839).jpg,0.0
fresh\Fresh (84).jpg,0.0
fresh\Fresh (840).jpg,0.0
fresh\Fresh (841).jpg,0.0
fresh\Fresh (842).jpg,0.0
fresh\Fresh (843).jpg,0.0
fresh\Fresh (844).jpg,0.0
fresh\Fresh (845).jpg,0.0
fresh\Fresh (846).jpg,0.0
fresh\Fresh (847).jpg,0.0
fresh\Fresh (848).jpg,0.0
fresh\Fresh (849).jpg,0.0
fresh\Fresh (85).jpg,0.0
fresh\Fresh (850).jpg,0.0
fresh\Fresh (851).jpg,0.0
fresh\Fresh (852).jpg,0.0
fresh\Fresh (853).jpg,0.0
fresh\Fresh (854).jpg,0.0
fresh\Fresh (855).jpg,0.0
fresh\Fresh (856).jpg,0.0
fresh\Fresh (857).jpg,0.0
fresh\Fresh (858).jpg,0.0
fresh\Fresh (859).jpg,0.0
fresh\Fresh (86).jpg,0.0
fresh\Fresh (860).jpg,0.0
fresh\Fresh (861).jpg,0.0
fresh\Fresh (862).jpg,0.0
fresh\Fresh (863).jpg,0.0
fresh\Fresh (864).jpg,0.0
fresh\Fresh (865).jpg,0.0
fresh\Fresh (866).jpg,0.0
fresh\Fresh (867).jpg,0.0
fresh\Fresh (868).jpg,0.0
fresh\Fresh (869).jpg,0.0
fresh\Fresh (87).jpg,0.0
fresh\Fresh (870).jpg,0.0
fresh\Fresh (871).jpg,0.0
fresh\Fresh (872).jpg,0.0
fresh\Fresh (873).jpg,0.0
fresh\Fresh (874).jpg,0.0
fresh\Fresh (875).jpg,0.0
fresh\Fresh (876).jpg,0.0
fresh\Fresh (877).jpg,0.0
fresh\Fresh (878).jpg,0.0
fresh\Fresh (879).jpg,0.0
fresh\Fresh (88).jpg,0.0
fresh\Fresh (880).jpg,0.0
fresh\Fresh (881).jpg,0.0
fresh\Fresh (882).jpg,0.0
fresh\Fresh (883).jpg,0.0
fresh\Fresh (884).jpg,0.0
fresh\Fresh (885).jpg,0.0
fresh\Fresh (886).jpg,0.0
fresh\Fresh (887).jpg,0.0
fresh\Fresh (888).jpg,0.0
fresh\Fresh (889).jpg,0.0
fresh\Fresh (89).jpg,0.0
fresh\Fresh (890).jpg,0.0
fresh\Fresh (891).jpg,0.0
fresh\Fresh (892).jpg,0.0
fresh\Fresh (893).jpg,0.0
fresh\Fresh (894).jpg,0.0
fresh\Fresh (895).jpg,0.0
fresh\Fresh (896).jpg,0.0
fresh\Fresh (897).jpg,0.0
fresh\Fresh (898).jpg,0.0
fresh\Fresh (899).jpg,0.0
fresh\Fresh (9).jpg,0.0
fresh\Fresh (90).jpg,0.0
fresh\Fresh (900).jpg,0.0
fresh\Fresh (901).jpg,0.0
fresh\Fresh (902).jpg,0.0
fresh\Fresh (903).jpg,0.0
fresh\Fresh (904).jpg,0.0
fresh\Fresh (905).jpg,0.0
fresh\Fresh (906).jpg,0.0
fresh\Fresh (907).jpg,0.0
fresh\Fresh (908).jpg,0.0
fresh\Fresh (909).jpg,0.0
fresh\Fresh (91).jpg,0.0
fresh\Fresh (910).jpg,0.0
fresh\Fresh (911).jpg,0.0
fresh\Fresh (912).jpg,0.0
fresh\Fresh (913).jpg,0.0
fresh\Fresh (914).jpg,0.0
fresh\Fresh (915).jpg,0.0
fresh\Fresh (916).jpg,0.0
fresh\Fresh (917).jpg,0.0
fresh\Fresh (918).jpg,0.0
fresh\Fresh (919).jpg,0.0
fresh\Fresh (92).jpg,0.0
fresh\Fresh (920).jpg,0.0
fresh\Fresh (921).jpg,0.0
fresh\Fresh (922).jpg,0.0
fresh\Fresh (923).jpg,0.0
fresh\Fresh (924).jpg,0.0
fresh\Fresh (925).jpg,0.0
fresh\Fresh (926).jpg,0.0
fresh\Fresh (927).jpg,0.0
fresh\Fresh (928).jpg,0.0
fresh\Fresh (929).jpg,0.0
fresh\Fresh (93).jpg,0.0
fresh\Fresh (930).jpg,0.0
fresh\Fresh (931).jpg,0.0
fresh\Fresh (932).jpg,0.0
fresh\Fresh (933).jpg,0.0
fresh\Fresh (934).jpg,0.0
fresh\Fresh (935).jpg,0.0
fresh\Fresh (936).jpg,0.0
fresh\Fresh (937).jpg,0.0
fresh\Fresh (938).jpg,0.0
fresh\Fresh (939).jpg,0.0
fresh\Fresh (94).jpg,0.0
fresh\Fresh (940).jpg,0.0
fresh\Fresh (941).jpg,0.0
fresh\Fresh (942).jpg,0.0
fresh\Fresh (943).jpg,0.0
fresh\Fresh (944).jpg,0.0
fresh\Fresh (945).jpg,0.0
fresh\Fresh (946).jpg,0.0
fresh\Fresh (947).jpg,0.0
fresh\Fresh (948).jpg,0.0
fresh\Fresh (949).jpg,0.0
fresh\Fresh (95).jpg,0.0
fresh\Fresh (950).jpg,0.0
fresh\Fresh (951).jpg,0.0
fresh\Fresh (952).jpg,0.0
fresh\Fresh (953).jpg,0.0
fresh\Fresh (954).jpg,0.0
fresh\Fresh (955).jpg,0.0
fresh\Fresh (956).jpg,0.0
fresh\Fresh (957).jpg,0.0
fresh\Fresh (958).jpg,0.0
fresh\Fresh (959).jpg,0.0
fresh\Fresh (96).jpg,0.0
fresh\Fresh (960).jpg,0.0
fresh\Fresh (961).jpg,0.0
fresh\Fresh (962).jpg,0.0
fresh\Fresh (963).jpg,0.0
fresh\Fresh (964).jpg,0.0
fresh\Fresh (965).jpg,0.0
fresh\Fresh (966).jpg,0.0
fresh\Fresh (967).jpg,0.0
fresh\Fresh (968).jpg,0.0
fresh\Fresh (969).jpg,0.0
fresh\Fresh (97).jpg,0.0
fresh\Fresh (970).jpg,0.0
fresh\Fresh (971).jpg,0.0
fresh\Fresh (972).jpg,0.0
fresh\Fresh (973).jpg,0.0
fresh\Fresh (974).jpg,0.0
fresh\Fresh (975).jpg,0.0
fresh\Fresh (976).jpg,0.0
fresh\Fresh (977).jpg,0.0
fresh\Fresh (978).jpg,0.0
fresh\Fresh (979).jpg,0.0
fresh\Fresh (98).jpg,0.0
fresh\Fresh (980).jpg,0.0
fresh\Fresh (981).jpg,0.0
fresh\Fresh (982).jpg,0.0
fresh\Fresh (983).jpg,0.0
fresh\Fresh (984).jpg,0.0
fresh\Fresh (985).jpg,0.0
fresh\Fresh (986).jpg,0.0
fresh\Fresh (987).jpg,0.0
fresh\Fresh (988).jpg,0.0
fresh\Fresh (989).jpg,0.0
fresh\Fresh (99).jpg,0.0
fresh\Fresh (990).jpg,0.0
fresh\Fresh (991).jpg,0.0
fresh\Fresh (992).jpg,0.0
fresh\Fresh (993).jpg,0.0
fresh\Fresh (994).jpg,0.0
fresh\Fresh (995).jpg,0.0
fresh\Fresh (996).jpg,0.0
fresh\Fresh (997).jpg,0.0
fresh\Fresh (998).jpg,0.0
fresh\Fresh (999).jpg,0.0
spoiled\Rotten (1).jpg,1.0
spoiled\Rotten (1635).jpg,1.0
spoiled\Rotten (1636).jpg,1.0
spoiled\Rotten (1637).jpg,1.0
spoiled\Rotten (1638).jpg,1.0
spoiled\Rotten (1639).jpg,1.0
spoiled\Rotten (1640).jpg,1.0
spoiled\Rotten (1641).jpg,1.0
spoiled\Rotten (1642).jpg,1.0
spoiled\Rotten (1643).jpg,1.0
spoiled\Rotten (1644).jpg,1.0
spoiled\Rotten (1645).jpg,1.0
spoiled\Rotten (1646).jpg,1.0
spoiled\Rotten (1647).jpg,1.0
spoiled\Rotten (1648).jpg,1.0
spoiled\Rotten (1649).jpg,1.0
spoiled\Rotten (1650).jpg,1.0
spoiled\Rotten (1651).jpg,1.0
spoiled\Rotten (1652).jpg,1.0
spoiled\Rotten (1653).jpg,1.0
spoiled\Rotten (1654).jpg,1.0
spoiled\Rotten (1655).jpg,1.0
spoiled\Rotten (1656).jpg,1.0
spoiled\Rotten (1657).jpg,1.0
spoiled\Rotten (1658).jpg,1.0
spoiled\Rotten (1659).jpg,1.0
spoiled\Rotten (1660).jpg,1.0
spoiled\Rotten (1661).jpg,1.0
spoiled\Rotten (1662).jpg,1.0
spoiled\Rotten (1663).jpg,1.0
spoiled\Rotten (1664).jpg,1.0
spoiled\Rotten (1665).jpg,1.0
spoiled\Rotten (1666).jpg,1.0
spoiled\Rotten (1667).jpg,1.0
spoiled\Rotten (1668).jpg,1.0
spoiled\Rotten (1669).jpg,1.0
spoiled\Rotten (1670).jpg,1.0
spoiled\Rotten (1671).jpg,1.0
spoiled\Rotten (1672).jpg,1.0
spoiled\Rotten (1673).jpg,1.0
spoiled\Rotten (1674).jpg,1.0
spoiled\Rotten (1675).jpg,1.0
spoiled\Rotten (1676).jpg,1.0
spoiled\Rotten (1677).jpg,1.0
spoiled\Rotten (1678).jpg,1.0
spoiled\Rotten (1679).jpg,1.0
spoiled\Rotten (1680).jpg,1.0
spoiled\Rotten (1681).jpg,1.0
spoiled\Rotten (1682).jpg,1.0
spoiled\Rotten (1683).jpg,1.0
spoiled\Rotten (1684).jpg,1.0
spoiled\Rotten (1685).jpg,1.0
spoiled\Rotten (1686).jpg,1.0
spoiled\Rotten (1687).jpg,1.0
spoiled\Rotten (1688).jpg,1.0
spoiled\Rotten (1689).jpg,1.0
spoiled\Rotten (1690).jpg,1.0
spoiled\Rotten (1691).jpg,1.0
spoiled\Rotten (1692).jpg,1.0
spoiled\Rotten (1693).jpg,1.0
spoiled\Rotten (1694).jpg,1.0
spoiled\Rotten (1695).jpg,1.0
spoiled\Rotten (1696).jpg,1.0
spoiled\Rotten (1697).jpg,1.0
spoiled\Rotten (1698).jpg,1.0
spoiled\Rotten (1699).jpg,1.0
spoiled\Rotten (1700).jpg,1.0
spoiled\Rotten (1701).jpg,1.0
spoiled\Rotten (1702).jpg,1.0
spoiled\Rotten (1703).jpg,1.0
spoiled\Rotten (1704).jpg,1.0
spoiled\Rotten (1705).jpg,1.0
spoiled\Rotten (1706).jpg,1.0
spoiled\Rotten (1707).jpg,1.0
spoiled\Rotten (1708).jpg,1.0
spoiled\Rotten (1709).jpg,1.0
spoiled\Rotten (1710).jpg,1.0
spoiled\Rotten (1711).jpg,1.0
spoiled\Rotten (1712).jpg,1.0
spoiled\Rotten (1713).jpg,1.0
spoiled\Rotten (1714).jpg,1.0
spoiled\Rotten (1715).jpg,1.0
spoiled\Rotten (1716).jpg,1.0
spoiled\Rotten (1717).jpg,1.0
spoiled\Rotten (1718).jpg,1.0
spoiled\Rotten (1719).jpg,1.0
spoiled\Rotten (1720).jpg,1.0
spoiled\Rotten (1721).jpg,1.0
spoiled\Rotten (1722).jpg,1.0
spoiled\Rotten (1723).jpg,1.0
spoiled\Rotten (1724).jpg,1.0
spoiled\Rotten (1725).jpg,1.0
spoiled\Rotten (1726).jpg,1.0
spoiled\Rotten (1727).jpg,1.0
spoiled\Rotten (1728).jpg,1.0
spoiled\Rotten (1729).jpg,1.0
spoiled\Rotten (1730).jpg,1.0
spoiled\Rotten (1731).jpg,1.0
spoiled\Rotten (1732).jpg,1.0
spoiled\Rotten (1733).jpg,1.0
spoiled\Rotten (1734).jpg,1.0
spoiled\Rotten (1735).jpg,1.0
spoiled\Rotten (1736).jpg,1.0
spoiled\Rotten (1737).jpg,1.0
spoiled\Rotten (1738).jpg,1.0
spoiled\Rotten (1739).jpg,1.0
spoiled\Rotten (1740).jpg,1.0
spoiled\Rotten (1741).jpg,1.0
spoiled\Rotten (1742).jpg,1.0
spoiled\Rotten (1743).jpg,1.0
spoiled\Rotten (1744).jpg,1.0
spoiled\Rotten (1745).jpg,1.0
spoiled\Rotten (1746).jpg,1.0
spoiled\Rotten (1747).jpg,1.0
spoiled\Rotten (1748).jpg,1.0
spoiled\Rotten (1749).jpg,1.0
spoiled\Rotten (1750).jpg,1.0
spoiled\Rotten (1751).jpg,1.0
spoiled\Rotten (1752).jpg,1.0
spoiled\Rotten (1753).jpg,1.0
spoiled\Rotten (1754).jpg,1.0
spoiled\Rotten (1755).jpg,1.0
spoiled\Rotten (1756).jpg,1.0
spoiled\Rotten (1757).jpg,1.0
spoiled\Rotten (1758).jpg,1.0
spoiled\Rotten (1759).jpg,1.0
spoiled\Rotten (1760).jpg,1.0
spoiled\Rotten (1761).jpg,1.0
spoiled\Rotten (1762).jpg,1.0
spoiled\Rotten (1763).jpg,1.0
spoiled\Rotten (1764).jpg,1.0
spoiled\Rotten (1765).jpg,1.0
spoiled\Rotten (1766).jpg,1.0
spoiled\Rotten (1767).jpg,1.0
spoiled\Rotten (1768).jpg,1.0
spoiled\Rotten (1769).jpg,1.0
spoiled\Rotten (1770).jpg,1.0
spoiled\Rotten (1771).jpg,1.0
spoiled\Rotten (1772).jpg,1.0
spoiled\Rotten (1773).jpg,1.0
spoiled\Rotten (1774).jpg,1.0
spoiled\Rotten (1775).jpg,1.0
spoiled\Rotten (1776).jpg,1.0
spoiled\Rotten (1777).jpg,1.0
spoiled\Rotten (1778).jpg,1.0
spoiled\Rotten (1779).jpg,1.0
spoiled\Rotten (1780).jpg,1.0
spoiled\Rotten (1781).jpg,1.0
spoiled\Rotten (1782).jpg,1.0
spoiled\Rotten (1783).jpg,1.0
spoiled\Rotten (1784).jpg,1.0
spoiled\Rotten (1785).jpg,1.0
spoiled\Rotten (1786).jpg,1.0
spoiled\Rotten (1787).jpg,1.0
spoiled\Rotten (1788).jpg,1.0
spoiled\Rotten (1789).jpg,1.0
spoiled\Rotten (1790).jpg,1.0
spoiled\Rotten (1791).jpg,1.0
spoiled\Rotten (1792).jpg,1.0
spoiled\Rotten (1793).jpg,1.0
spoiled\Rotten (1794).jpg,1.0
spoiled\Rotten (1795).jpg,1.0
spoiled\Rotten (1796).jpg,1.0
spoiled\Rotten (1797).jpg,1.0
spoiled\Rotten (1798).jpg,1.0
spoiled\Rotten (1799).jpg,1.0
spoiled\Rotten (1800).jpg,1.0
spoiled\Rotten (1801).jpg,1.0
spoiled\Rotten (1802).jpg,1.0
spoiled\Rotten (1803).jpg,1.0
spoiled\Rotten (1804).jpg,1.0
spoiled\Rotten (1805).jpg,1.0
spoiled\Rotten (1806).jpg,1.0
spoiled\Rotten (1807).jpg,1.0
spoiled\Rotten (1808).jpg,1.0
spoiled\Rotten (1809).jpg,1.0
spoiled\Rotten (1810).jpg,1.0
spoiled\Rotten (1811).jpg,1.0
spoiled\Rotten (1812).jpg,1.0
spoiled\Rotten (1813).jpg,1.0
spoiled\Rotten (1814).jpg,1.0
spoiled\Rotten (1815).jpg,1.0
spoiled\Rotten (1816).jpg,1.0
spoiled\Rotten (1817).jpg,1.0
spoiled\Rotten (1818).jpg,1.0
spoiled\Rotten (1819).jpg,1.0
spoiled\Rotten (1820).jpg,1.0
spoiled\Rotten (1821).jpg,1.0
spoiled\Rotten (1822).jpg,1.0
spoiled\Rotten (1823).jpg,1.0
spoiled\Rotten (1824).jpg,1.0
spoiled\Rotten (1825).jpg,1.0
spoiled\Rotten (1826).jpg,1.0
spoiled\Rotten (1827).jpg,1.0
spoiled\Rotten (1828).jpg,1.0
spoiled\Rotten (1829).jpg,1.0
spoiled\Rotten (1830).jpg,1.0
spoiled\Rotten (1831).jpg,1.0
spoiled\Rotten (1832).jpg,1.0
spoiled\Rotten (1833).jpg,1.0
spoiled\Rotten (1834).jpg,1.0
spoiled\Rotten (1835).jpg,1.0
spoiled\Rotten (1836).jpg,1.0
spoiled\Rotten (1837).jpg,1.0
spoiled\Rotten (1838).jpg,1.0
spoiled\Rotten (1839).jpg,1.0
spoiled\Rotten (1840).jpg,1.0
spoiled\Rotten (1841).jpg,1.0
spoiled\Rotten (1842).jpg,1.0
spoiled\Rotten (1843).jpg,1.0
spoiled\Rotten (1844).jpg,1.0
spoiled\Rotten (1845).jpg,1.0
spoiled\Rotten (1846).jpg,1.0
spoiled\Rotten (1847).jpg,1.0
spoiled\Rotten (1848).jpg,1.0
spoiled\Rotten (1849).jpg,1.0
spoiled\Rotten (1850).jpg,1.0
spoiled\Rotten (1851).jpg,1.0
spoiled\Rotten (1852).jpg,1.0
spoiled\Rotten (1853).jpg,1.0
spoiled\Rotten (1854).jpg,1.0
spoiled\Rotten (1855).jpg,1.0
spoiled\Rotten (1856).jpg,1.0
spoiled\Rotten (1857).jpg,1.0
spoiled\Rotten (1858).jpg,1.0
spoiled\Rotten (1859).jpg,1.0
spoiled\Rotten (1860).jpg,1.0
spoiled\Rotten (1861).jpg,1.0
spoiled\Rotten (1862).jpg,1.0
spoiled\Rotten (1863).jpg,1.0
spoiled\Rotten (1864).jpg,1.0
spoiled\Rotten (1865).jpg,1.0
spoiled\Rotten (1866).jpg,1.0
spoiled\Rotten (1867).jpg,1.0
spoiled\Rotten (1868).jpg,1.0
spoiled\Rotten (1869).jpg,1.0
spoiled\Rotten (1870).jpg,1.0
spoiled\Rotten (1871).jpg,1.0
spoiled\Rotten (1872).jpg,1.0
spoiled\Rotten (1873).jpg,1.0
spoiled\Rotten (1874).jpg,1.0
spoiled\Rotten (1875).jpg,1.0
spoiled\Rotten (1876).jpg,1.0
spoiled\Rotten (1877).jpg,1.0
spoiled\Rotten (1878).jpg,1.0
spoiled\Rotten (1879).jpg,1.0
spoiled\Rotten (1880).jpg,1.0
spoiled\Rotten (1881).jpg,1.0
spoiled\Rotten (1882).jpg,1.0
spoiled\Rotten (1883).jpg,1.0
spoiled\Rotten (1884).jpg,1.0
spoiled\Rotten (1885).jpg,1.0
spoiled\Rotten (1886).jpg,1.0
spoiled\Rotten (1887).jpg,1.0
spoiled\Rotten (1888).jpg,1.0
spoiled\Rotten (1889).jpg,1.0
spoiled\Rotten (1890).jpg,1.0
spoiled\Rotten (1891).jpg,1.0
spoiled\Rotten (1892).jpg,1.0
spoiled\Rotten (1893).jpg,1.0
spoiled\Rotten (1894).jpg,1.0
spoiled\Rotten (1895).jpg,1.0
spoiled\Rotten (1896).jpg,1.0
spoiled\Rotten (1897).jpg,1.0
spoiled\Rotten (1898).jpg,1.0
spoiled\Rotten (1899).jpg,1.0
spoiled\Rotten (1900).jpg,1.0
spoiled\Rotten (1901).jpg,1.0
spoiled\Rotten (1902).jpg,1.0
spoiled\Rotten (1903).jpg,1.0
spoiled\Rotten (1904).jpg,1.0
spoiled\Rotten (1905).jpg,1.0
spoiled\Rotten (1906).jpg,1.0
spoiled\Rotten (1907).jpg,1.0
spoiled\Rotten (1908).jpg,1.0
spoiled\Rotten (1909).jpg,1.0
spoiled\Rotten (1910).jpg,1.0
spoiled\Rotten (1911).jpg,1.0
spoiled\Rotten (1912).jpg,1.0
spoiled\Rotten (1913).jpg,1.0
spoiled\Rotten (1914).jpg,1.0
spoiled\Rotten (1915).jpg,1.0
spoiled\Rotten (1916).jpg,1.0
spoiled\Rotten (1917).jpg,1.0
spoiled\Rotten (1918).jpg,1.0
spoiled\Rotten (1919).jpg,1.0
spoiled\Rotten (1920).jpg,1.0
spoiled\Rotten (1921).jpg,1.0
spoiled\Rotten (1922).jpg,1.0
spoiled\Rotten (1923).jpg,1.0
spoiled\Rotten (1924).jpg,1.0
spoiled\Rotten (1925).jpg,1.0
spoiled\Rotten (1926).jpg,1.0
spoiled\Rotten (1927).jpg,1.0
spoiled\Rotten (1928).jpg,1.0
spoiled\Rotten (1929).jpg,1.0
spoiled\Rotten (1930).jpg,1.0
spoiled\Rotten (1931).jpg,1.0
spoiled\Rotten (1932).jpg,1.0
spoiled\Rotten (1933).jpg,1.0
spoiled\Rotten (1934).jpg,1.0
spoiled\Rotten (1935).jpg,1.0
spoiled\Rotten (1936).jpg,1.0
spoiled\Rotten (1937).jpg,1.0
spoiled\Rotten (1938).jpg,1.0
spoiled\Rotten (1939).jpg,1.0
spoiled\Rotten (1940).jpg,1.0
spoiled\Rotten (1941).jpg,1.0
spoiled\Rotten (1942).jpg,1.0
spoiled\Rotten (1943).jpg,1.0
spoiled\Rotten (1944).jpg,1.0
spoiled\Rotten (1945).jpg,1.0
spoiled\Rotten (1946).jpg,1.0
spoiled\Rotten (1947).jpg,1.0
spoiled\Rotten (1948).jpg,1.0
spoiled\Rotten (1949).jpg,1.0
spoiled\Rotten (1950).jpg,1.0
spoiled\Rotten (1951).jpg,1.0
spoiled\Rotten (1952).jpg,1.0
spoiled\Rotten (1953).jpg,1.0
spoiled\Rotten (1954).jpg,1.0
spoiled\Rotten (1955).jpg,1.0
spoiled\Rotten (1956).jpg,1.0
spoiled\Rotten (1957).jpg,1.0
spoiled\Rotten (1958).jpg,1.0
spoiled\Rotten (1959).jpg,1.0
spoiled\Rotten (1960).jpg,1.0
spoiled\Rotten (1961).jpg,1.0
spoiled\Rotten (1962).jpg,1.0
spoiled\Rotten (1963).jpg,1.0
spoiled\Rotten (1964).jpg,1.0
spoiled\Rotten (1965).jpg,1.0
spoiled\Rotten (1966).jpg,1.0
spoiled\Rotten (1967).jpg,1.0
spoiled\Rotten (1968).jpg,1.0
spoiled\Rotten (1969).jpg,1.0
spoiled\Rotten (1970).jpg,1.0
spoiled\Rotten (1971).jpg,1.0
spoiled\Rotten (1972).jpg,1.0
spoiled\Rotten (1973).jpg,1.0
spoiled\Rotten (1974).jpg,1.0
spoiled\Rotten (1975).jpg,1.0
spoiled\Rotten (1976).jpg,1.0
spoiled\Rotten (1977).jpg,1.0
spoiled\Rotten (1978).jpg,1.0
spoiled\Rotten (1979).jpg,1.0
spoiled\Rotten (1980).jpg,1.0
spoiled\Rotten (1981).jpg,1.0
spoiled\Rotten (1982).jpg,1.0
spoiled\Rotten (1983).jpg,1.0
spoiled\Rotten (1984).jpg,1.0
spoiled\Rotten (1985).jpg,1.0
spoiled\Rotten (1986).jpg,1.0
spoiled\Rotten (1987).jpg,1.0
spoiled\Rotten (1988).jpg,1.0
spoiled\Rotten (1989).jpg,1.0
spoiled\Rotten (1990).jpg,1.0
spoiled\Rotten (1991).jpg,1.0
spoiled\Rotten (1992).jpg,1.0
spoiled\Rotten (1993).jpg,1.0
spoiled\Rotten (1994).jpg,1.0
spoiled\Rotten (1995).jpg,1.0
spoiled\Rotten (1996).jpg,1.0
spoiled\Rotten (1997).jpg,1.0
spoiled\Rotten (1998).jpg,1.0
spoiled\Rotten (1999).jpg,1.0
spoiled\Rotten (2000).jpg,1.0
spoiled\Rotten (2001).jpg,1.0
spoiled\Rotten (2002).jpg,1.0
spoiled\Rotten (2003).jpg,1.0
spoiled\Rotten (2004).jpg,1.0
spoiled\Rotten (2005).jpg,1.0
spoiled\Rotten (2006).jpg,1.0
spoiled\Rotten (2007).jpg,1.0
spoiled\Rotten (2008).jpg,1.0
spoiled\Rotten (2009).jpg,1.0
spoiled\Rotten (2010).jpg,1.0
spoiled\Rotten (2011).jpg,1.0
spoiled\Rotten (2012).jpg,1.0
spoiled\Rotten (2013).jpg,1.0
spoiled\Rotten (2014).jpg,1.0
spoiled\Rotten (2015).jpg,1.0
spoiled\Rotten (2016).jpg,1.0
spoiled\Rotten (2017).jpg,1.0
spoiled\Rotten (2018).jpg,1.0
spoiled\Rotten (2019).jpg,1.0
spoiled\Rotten (2020).jpg,1.0
spoiled\Rotten (2021).jpg,1.0
spoiled\Rotten (2022).jpg,1.0
spoiled\Rotten (2023).jpg,1.0
spoiled\Rotten (2024).jpg,1.0
spoiled\Rotten (2025).jpg,1.0
spoiled\Rotten (2026).jpg,1.0
spoiled\Rotten (2027).jpg,1.0
spoiled\Rotten (2028).jpg,1.0
spoiled\Rotten (2029).jpg,1.0
spoiled\Rotten (2030).jpg,1.0
spoiled\Rotten (2031).jpg,1.0
spoiled\Rotten (2032).jpg,1.0
spoiled\Rotten (2033).jpg,1.0
spoiled\Rotten (2034).jpg,1.0
spoiled\Rotten (2035).jpg,1.0
spoiled\Rotten (2036).jpg,1.0
spoiled\Rotten (2037).jpg,1.0
spoiled\Rotten (2038).jpg,1.0
spoiled\Rotten (2039).jpg,1.0
spoiled\Rotten (2040).jpg,1.0
spoiled\Rotten (2041).jpg,1.0
spoiled\Rotten (2042).jpg,1.0
spoiled\Rotten (2043).jpg,1.0
spoiled\Rotten (2044).jpg,1.0
spoiled\Rotten (2045).jpg,1.0
spoiled\Rotten (2046).jpg,1.0
spoiled\Rotten (2047).jpg,1.0
spoiled\Rotten (2048).jpg,1.0
spoiled\Rotten (2049).jpg,1.0
spoiled\Rotten (2050).jpg,1.0
spoiled\Rotten (2051).jpg,1.0
spoiled\Rotten (2052).jpg,1.0
spoiled\Rotten (2053).jpg,1.0
spoiled\Rotten (2054).jpg,1.0
spoiled\Rotten (2055).jpg,1.0
spoiled\Rotten (2056).jpg,1.0
spoiled\Rotten (2057).jpg,1.0
spoiled\Rotten (2058).jpg,1.0
spoiled\Rotten (2059).jpg,1.0
spoiled\Rotten (2060).jpg,1.0
spoiled\Rotten (2061).jpg,1.0
spoiled\Rotten (2062).jpg,1.0
spoiled\Rotten (2063).jpg,1.0
spoiled\Rotten (2064).jpg,1.0
spoiled\Rotten (2065).jpg,1.0
spoiled\Rotten (2066).jpg,1.0
spoiled\Rotten (2067).jpg,1.0
spoiled\Rotten (2068).jpg,1.0
spoiled\Rotten (2069).jpg,1.0
spoiled\Rotten (2070).jpg,1.0
spoiled\Rotten (2071).jpg,1.0
spoiled\Rotten (2072).jpg,1.0
spoiled\Rotten (2073).jpg,1.0
spoiled\Rotten (2074).jpg,1.0
spoiled\Rotten (2075).jpg,1.0
spoiled\Rotten (2076).jpg,1.0
spoiled\Rotten (2077).jpg,1.0
spoiled\Rotten (2078).jpg,1.0
spoiled\Rotten (2079).jpg,1.0
spoiled\Rotten (2080).jpg,1.0
spoiled\Rotten (2081).jpg,1.0
spoiled\Rotten (2082).jpg,1.0
spoiled\Rotten (2083).jpg,1.0
spoiled\Rotten (2084).jpg,1.0
spoiled\Rotten (2085).jpg,1.0
spoiled\Rotten (2086).jpg,1.0
spoiled\Rotten (2087).jpg,1.0
spoiled\Rotten (2088).jpg,1.0
spoiled\Rotten (2089).jpg,1.0
spoiled\Rotten (2090).jpg,1.0
spoiled\Rotten (2091).jpg,1.0
spoiled\Rotten (2092).jpg,1.0
spoiled\Rotten (2093).jpg,1.0
spoiled\Rotten (2094).jpg,1.0
spoiled\Rotten (2095).jpg,1.0
spoiled\Rotten (2096).jpg,1.0
spoiled\Rotten (2097).jpg,1.0
spoiled\Rotten (2098).jpg,1.0
spoiled\Rotten (2099).jpg,1.0
spoiled\Rotten (2100).jpg,1.0
spoiled\Rotten (2101).jpg,1.0
spoiled\Rotten (2102).jpg,1.0
spoiled\Rotten (2103).jpg,1.0
spoiled\Rotten (2104).jpg,1.0
spoiled\Rotten (2105).jpg,1.0
spoiled\Rotten (2106).jpg,1.0
spoiled\Rotten (2107).jpg,1.0
spoiled\Rotten (2108).jpg,1.0
spoiled\Rotten (2109).jpg,1.0
spoiled\Rotten (2110).jpg,1.0
spoiled\Rotten (2111).jpg,1.0
spoiled\Rotten (2112).jpg,1.0
spoiled\Rotten (2113).jpg,1.0
spoiled\Rotten (2114).jpg,1.0
spoiled\Rotten (2115).jpg,1.0
spoiled\Rotten (2116).jpg,1.0
spoiled\Rotten (2117).jpg,1.0
spoiled\Rotten (2118).jpg,1.0
spoiled\Rotten (2119).jpg,1.0
spoiled\Rotten (2120).jpg,1.0
spoiled\Rotten (2121).jpg,1.0
spoiled\Rotten (2122).jpg,1.0
spoiled\Rotten (2123).jpg,1.0
spoiled\Rotten (2124).jpg,1.0
spoiled\Rotten (2125).jpg,1.0
spoiled\Rotten (2126).jpg,1.0
spoiled\Rotten (2127).jpg,1.0
spoiled\Rotten (2128).jpg,1.0
spoiled\Rotten (2129).jpg,1.0
spoiled\Rotten (2130).jpg,1.0
spoiled\Rotten (2131).jpg,1.0
spoiled\Rotten (2132).jpg,1.0
spoiled\Rotten (2133).jpg,1.0
spoiled\Rotten (2134).jpg,1.0
spoiled\Rotten (2135).jpg,1.0
spoiled\Rotten (2136).jpg,1.0
spoiled\Rotten (2137).jpg,1.0
spoiled\Rotten (2138).jpg,1.0
spoiled\Rotten (2139).jpg,1.0
spoiled\Rotten (2140).jpg,1.0
spoiled\Rotten (2141).jpg,1.0
spoiled\Rotten (2142).jpg,1.0
spoiled\Rotten (2143).jpg,1.0
spoiled\Rotten (2144).jpg,1.0
spoiled\Rotten (2145).jpg,1.0
spoiled\Rotten (2146).jpg,1.0
spoiled\Rotten (2147).jpg,1.0
spoiled\Rotten (2148).jpg,1.0
spoiled\Rotten (2149).jpg,1.0
spoiled\Rotten (2150).jpg,1.0
spoiled\Rotten (2151).jpg,1.0
spoiled\Rotten (2152).jpg,1.0
spoiled\Rotten (2153).jpg,1.0
spoiled\Rotten (2154).jpg,1.0
spoiled\Rotten (2155).jpg,1.0
spoiled\Rotten (2156).jpg,1.0
spoiled\Rotten (2157).jpg,1.0
spoiled\Rotten (2158).jpg,1.0
spoiled\Rotten (2159).jpg,1.0
spoiled\Rotten (2160).jpg,1.0
spoiled\Rotten (2161).jpg,1.0
spoiled\Rotten (2162).jpg,1.0
spoiled\Rotten (2163).jpg,1.0
spoiled\Rotten (2164).jpg,1.0
spoiled\Rotten (2165).jpg,1.0
spoiled\Rotten (2166).jpg,1.0
spoiled\Rotten (2167).jpg,1.0
spoiled\Rotten (2168).jpg,1.0
spoiled\Rotten (2169).jpg,1.0
spoiled\Rotten (2170).jpg,1.0
spoiled\Rotten (2171).jpg,1.0
spoiled\Rotten (2172).jpg,1.0
spoiled\Rotten (2173).jpg,1.0
spoiled\Rotten (2174).jpg,1.0
spoiled\Rotten (2175).jpg,1.0
spoiled\Rotten (2176).jpg,1.0
spoiled\Rotten (2177).jpg,1.0
spoiled\Rotten (2178).jpg,1.0
spoiled\Rotten (2179).jpg,1.0
spoiled\Rotten (2180).jpg,1.0
spoiled\Rotten (2181).jpg,1.0
spoiled\Rotten (2182).jpg,1.0
spoiled\Rotten (2183).jpg,1.0
spoiled\Rotten (2184).jpg,1.0
spoiled\Rotten (2185).jpg,1.0
spoiled\Rotten (2186).jpg,1.0
spoiled\Rotten (2187).jpg,1.0
spoiled\Rotten (2188).jpg,1.0
spoiled\Rotten (2189).jpg,1.0
spoiled\Rotten (2190).jpg,1.0
spoiled\Rotten (2191).jpg,1.0
spoiled\Rotten (2192).jpg,1.0
spoiled\Rotten (2193).jpg,1.0
spoiled\Rotten (2194).jpg,1.0
spoiled\Rotten (2195).jpg,1.0
spoiled\Rotten (2196).jpg,1.0
spoiled\Rotten (2197).jpg,1.0
spoiled\Rotten (2198).jpg,1.0
spoiled\Rotten (2199).jpg,1.0
spoiled\Rotten (2200).jpg,1.0
spoiled\Rotten (2201).jpg,1.0
spoiled\Rotten (2202).jpg,1.0
spoiled\Rotten (2203).jpg,1.0
spoiled\Rotten (2204).jpg,1.0
spoiled\Rotten (2205).jpg,1.0
spoiled\Rotten (2206).jpg,1.0
spoiled\Rotten (2207).jpg,1.0
spoiled\Rotten (2208).jpg,1.0
spoiled\Rotten (2209).jpg,1.0
spoiled\Rotten (2210).jpg,1.0
spoiled\Rotten (2211).jpg,1.0
spoiled\Rotten (2212).jpg,1.0
spoiled\Rotten (2213).jpg,1.0
spoiled\Rotten (2214).jpg,1.0
spoiled\Rotten (2215).jpg,1.0
spoiled\Rotten (2216).jpg,1.0
spoiled\Rotten (2217).jpg,1.0
spoiled\Rotten (2218).jpg,1.0
spoiled\Rotten (2219).jpg,1.0
spoiled\Rotten (2220).jpg,1.0
spoiled\Rotten (2221).jpg,1.0
spoiled\Rotten (2222).jpg,1.0
spoiled\Rotten (2223).jpg,1.0
spoiled\Rotten (2224).jpg,1.0
spoiled\Rotten (2225).jpg,1.0
spoiled\Rotten (2226).jpg,1.0
spoiled\Rotten (2227).jpg,1.0
spoiled\Rotten (2228).jpg,1.0
spoiled\Rotten (2229).jpg,1.0
spoiled\Rotten (2230).jpg,1.0
spoiled\Rotten (2231).jpg,1.0
spoiled\Rotten (2232).jpg,1.0
spoiled\Rotten (2233).jpg,1.0
spoiled\Rotten (2234).jpg,1.0
spoiled\Rotten (2235).jpg,1.0
spoiled\Rotten (2236).jpg,1.0
spoiled\Rotten (2237).jpg,1.0
spoiled\Rotten (2238).jpg,1.0
spoiled\Rotten (2239).jpg,1.0
spoiled\Rotten (2240).jpg,1.0
spoiled\Rotten (2241).jpg,1.0
spoiled\Rotten (2242).jpg,1.0
spoiled\Rotten (2243).jpg,1.0
spoiled\Rotten (2244).jpg,1.0
spoiled\Rotten (2245).jpg,1.0
spoiled\Rotten (2246).jpg,1.0
spoiled\Rotten (2247).jpg,1.0
spoiled\Rotten (2248).jpg,1.0
spoiled\Rotten (2249).jpg,1.0
spoiled\Rotten (2250).jpg,1.0
spoiled\Rotten (2251).jpg,1.0
spoiled\Rotten (2252).jpg,1.0
spoiled\Rotten (2253).jpg,1.0
spoiled\Rotten (2254).jpg,1.0
spoiled\Rotten (2255).jpg,1.0
spoiled\Rotten (2256).jpg,1.0
spoiled\Rotten (2257).jpg,1.0
spoiled\Rotten (2258).jpg,1.0
spoiled\Rotten (2259).jpg,1.0
spoiled\Rotten (2260).jpg,1.0
spoiled\Rotten (2261).jpg,1.0
spoiled\Rotten (2262).jpg,1.0
spoiled\Rotten (2263).jpg,1.0
spoiled\Rotten (2264).jpg,1.0
spoiled\Rotten (2265).jpg,1.0
spoiled\Rotten (2266).jpg,1.0
spoiled\Rotten (2267).jpg,1.0
spoiled\Rotten (2268).jpg,1.0
spoiled\Rotten (2269).jpg,1.0
spoiled\Rotten (2270).jpg,1.0
spoiled\Rotten (2271).jpg,1.0
spoiled\Rotten (2272).jpg,1.0
spoiled\Rotten (2273).jpg,1.0
spoiled\Rotten (2274).jpg,1.0
spoiled\Rotten (2275).jpg,1.0
spoiled\Rotten (2276).jpg,1.0
spoiled\Rotten (2277).jpg,1.0
spoiled\Rotten (2278).jpg,1.0
spoiled\Rotten (2279).jpg,1.0
spoiled\Rotten (2280).jpg,1.0
spoiled\Rotten (2281).jpg,1.0
spoiled\Rotten (2282).jpg,1.0
spoiled\Rotten (2283).jpg,1.0
spoiled\Rotten (2284).jpg,1.0
spoiled\Rotten (2285).jpg,1.0
spoiled\Rotten (2286).jpg,1.0
spoiled\Rotten (2287).jpg,1.0
spoiled\Rotten (2288).jpg,1.0
spoiled\Rotten (2289).jpg,1.0
spoiled\Rotten (2290).jpg,1.0
spoiled\Rotten (2291).jpg,1.0
spoiled\Rotten (2292).jpg,1.0
spoiled\Rotten (2293).jpg,1.0
spoiled\Rotten (2294).jpg,1.0
spoiled\Rotten (2295).jpg,1.0
spoiled\Rotten (2296).jpg,1.0
spoiled\Rotten (2297).jpg,1.0
spoiled\Rotten (2298).jpg,1.0
spoiled\Rotten (2299).jpg,1.0
spoiled\Rotten (2300).jpg,1.0
spoiled\Rotten (2301).jpg,1.0
spoiled\Rotten (2302).jpg,1.0
spoiled\Rotten (2303).jpg,1.0
spoiled\Rotten (2304).jpg,1.0
spoiled\Rotten (2305).jpg,1.0
spoiled\Rotten (2306).jpg,1.0
spoiled\Rotten (2307).jpg,1.0
spoiled\Rotten (2308).jpg,1.0
spoiled\Rotten (2309).jpg,1.0
spoiled\Rotten (2310).jpg,1.0
spoiled\Rotten (2311).jpg,1.0
spoiled\Rotten (2312).jpg,1.0
spoiled\Rotten (2313).jpg,1.0
spoiled\Rotten (2314).jpg,1.0
spoiled\Rotten (2315).jpg,1.0
spoiled\Rotten (2316).jpg,1.0
spoiled\Rotten (2317).jpg,1.0
spoiled\Rotten (2318).jpg,1.0
spoiled\Rotten (2319).jpg,1.0
spoiled\Rotten (2320).jpg,1.0
spoiled\Rotten (2321).jpg,1.0
spoiled\Rotten (2322).jpg,1.0
spoiled\Rotten (2323).jpg,1.0
spoiled\Rotten (2324).jpg,1.0
spoiled\Rotten (2325).jpg,1.0
spoiled\Rotten (2326).jpg,1.0
spoiled\Rotten (2327).jpg,1.0
spoiled\Rotten (2328).jpg,1.0
spoiled\Rotten (2329).jpg,1.0
spoiled\Rotten (2330).jpg,1.0
spoiled\Rotten (2331).jpg,1.0
spoiled\Rotten (2332).jpg,1.0
spoiled\Rotten (2333).jpg,1.0
spoiled\Rotten (2334).jpg,1.0
spoiled\Rotten (2335).jpg,1.0
spoiled\Rotten (2336).jpg,1.0
spoiled\Rotten (2337).jpg,1.0
spoiled\Rotten (2338).jpg,1.0
spoiled\Rotten (2339).jpg,1.0
spoiled\Rotten (2340).jpg,1.0
spoiled\Rotten (2341).jpg,1.0
spoiled\Rotten (2342).jpg,1.0
spoiled\Rotten (2343).jpg,1.0
spoiled\Rotten (2344).jpg,1.0
spoiled\Rotten (2345).jpg,1.0
spoiled\Rotten (2346).jpg,1.0
spoiled\Rotten (2347).jpg,1.0
spoiled\Rotten (2348).jpg,1.0
spoiled\Rotten (2349).jpg,1.0
spoiled\Rotten (2350).jpg,1.0
spoiled\Rotten (2351).jpg,1.0
spoiled\Rotten (2352).jpg,1.0
spoiled\Rotten (2353).jpg,1.0
spoiled\Rotten (2354).jpg,1.0
spoiled\Rotten (2355).jpg,1.0
spoiled\Rotten (2356).jpg,1.0
spoiled\Rotten (2357).jpg,1.0
spoiled\Rotten (2358).jpg,1.0
spoiled\Rotten (2359).jpg,1.0
spoiled\Rotten (2360).jpg,1.0
spoiled\Rotten (2361).jpg,1.0
spoiled\Rotten (2362).jpg,1.0
spoiled\Rotten (2363).jpg,1.0
spoiled\Rotten (2364).jpg,1.0
spoiled\Rotten (2365).jpg,1.0
spoiled\Rotten (2366).jpg,1.0
spoiled\Rotten (2367).jpg,1.0
spoiled\Rotten (2368).jpg,1.0
spoiled\Rotten (2369).jpg,1.0
spoiled\Rotten (2370).jpg,1.0
spoiled\Rotten (2371).jpg,1.0
spoiled\Rotten (2372).jpg,1.0
spoiled\Rotten (2373).jpg,1.0
spoiled\Rotten (2374).jpg,1.0
spoiled\Rotten (2375).jpg,1.0
spoiled\Rotten (2376).jpg,1.0
spoiled\Rotten (2377).jpg,1.0
spoiled\Rotten (2378).jpg,1.0
spoiled\Rotten (2379).jpg,1.0
spoiled\Rotten (2380).jpg,1.0
spoiled\Rotten (2381).jpg,1.0
spoiled\Rotten (2382).jpg,1.0
spoiled\Rotten (2383).jpg,1.0
spoiled\Rotten (2384).jpg,1.0
spoiled\Rotten (2385).jpg,1.0
spoiled\Rotten (2386).jpg,1.0
spoiled\Rotten (2387).jpg,1.0
spoiled\Rotten (2388).jpg,1.0
spoiled\Rotten (2389).jpg,1.0
spoiled\Rotten (2390).jpg,1.0
spoiled\Rotten (2391).jpg,1.0
spoiled\Rotten (2392).jpg,1.0
spoiled\Rotten (2393).jpg,1.0
spoiled\Rotten (2394).jpg,1.0
spoiled\Rotten (2395).jpg,1.0
spoiled\Rotten (2396).jpg,1.0
spoiled\Rotten (2397).jpg,1.0
spoiled\Rotten (2398).jpg,1.0
spoiled\Rotten (2399).jpg,1.0
spoiled\Rotten (2400).jpg,1.0
spoiled\Rotten (2401).jpg,1.0
spoiled\Rotten (2402).jpg,1.0
spoiled\Rotten (2403).jpg,1.0
spoiled\Rotten (2404).jpg,1.0
spoiled\Rotten (2405).jpg,1.0
spoiled\Rotten (2406).jpg,1.0
spoiled\Rotten (2407).jpg,1.0
spoiled\Rotten (2408).jpg,1.0
spoiled\Rotten (2409).jpg,1.0
spoiled\Rotten (2410).jpg,1.0
spoiled\Rotten (2411).jpg,1.0
spoiled\Rotten (2412).jpg,1.0
spoiled\Rotten (2413).jpg,1.0
spoiled\Rotten (2414).jpg,1.0
spoiled\Rotten (2415).jpg,1.0
spoiled\Rotten (2416).jpg,1.0
spoiled\Rotten (2417).jpg,1.0
spoiled\Rotten (2418).jpg,1.0
spoiled\Rotten (2419).jpg,1.0
spoiled\Rotten (2420).jpg,1.0
spoiled\Rotten (2421).jpg,1.0
spoiled\Rotten (2422).jpg,1.0
spoiled\Rotten (2423).jpg,1.0
spoiled\Rotten (2424).jpg,1.0
spoiled\Rotten (2425).jpg,1.0
spoiled\Rotten (2426).jpg,1.0
spoiled\Rotten (2427).jpg,1.0
spoiled\Rotten (2428).jpg,1.0
spoiled\Rotten (2429).jpg,1.0
spoiled\Rotten (2430).jpg,1.0
spoiled\Rotten (2431).jpg,1.0
spoiled\Rotten (2432).jpg,1.0
spoiled\Rotten (2433).jpg,1.0
spoiled\Rotten (2434).jpg,1.0
spoiled\Rotten (2435).jpg,1.0
spoiled\Rotten (2436).jpg,1.0
spoiled\Rotten (2437).jpg,1.0
spoiled\Rotten (2438).jpg,1.0
spoiled\Rotten (2439).jpg,1.0
spoiled\Rotten (2440).jpg,1.0
spoiled\Rotten (2441).jpg,1.0
spoiled\Rotten (2442).jpg,1.0
spoiled\Rotten (2443).jpg,1.0
spoiled\Rotten (2444).jpg,1.0
spoiled\Rotten (2445).jpg,1.0
spoiled\Rotten (2446).jpg,1.0
spoiled\Rotten (2447).jpg,1.0
spoiled\Rotten (2448).jpg,1.0
spoiled\Rotten (2449).jpg,1.0
spoiled\Rotten (2450).jpg,1.0
spoiled\Rotten (2451).jpg,1.0
spoiled\Rotten (2452).jpg,1.0
spoiled\Rotten (2453).jpg,1.0
spoiled\Rotten (2454).jpg,1.0
spoiled\Rotten (2455).jpg,1.0
spoiled\Rotten (2456).jpg,1.0
spoiled\Rotten (2457).jpg,1.0
spoiled\Rotten (2458).jpg,1.0
spoiled\Rotten (2459).jpg,1.0
spoiled\Rotten (2460).jpg,1.0
spoiled\Rotten (2461).jpg,1.0
spoiled\Rotten (2462).jpg,1.0
spoiled\Rotten (2463).jpg,1.0
spoiled\Rotten (2464).jpg,1.0
spoiled\Rotten (2465).jpg,1.0
spoiled\Rotten (2466).jpg,1.0
spoiled\Rotten (2467).jpg,1.0
spoiled\Rotten (2468).jpg,1.0
spoiled\Rotten (2469).jpg,1.0
spoiled\Rotten (2470).jpg,1.0
spoiled\Rotten (2471).jpg,1.0
spoiled\Rotten (2472).jpg,1.0
spoiled\Rotten (2473).jpg,1.0
spoiled\Rotten (2474).jpg,1.0
spoiled\Rotten (2475).jpg,1.0
spoiled\Rotten (2476).jpg,1.0
spoiled\Rotten (2477).jpg,1.0
spoiled\Rotten (2478).jpg,1.0
spoiled\Rotten (2479).jpg,1.0
spoiled\Rotten (2480).jpg,1.0
spoiled\Rotten (2481).jpg,1.0
spoiled\Rotten (2482).jpg,1.0
spoiled\Rotten (2483).jpg,1.0
spoiled\Rotten (2484).jpg,1.0
spoiled\Rotten (2485).jpg,1.0
spoiled\Rotten (2486).jpg,1.0
spoiled\Rotten (2487).jpg,1.0
spoiled\Rotten (2488).jpg,1.0
spoiled\Rotten (2489).jpg,1.0
spoiled\Rotten (2490).jpg,1.0
spoiled\Rotten (2491).jpg,1.0
spoiled\Rotten (2492).jpg,1.0
spoiled\Rotten (2493).jpg,1.0
spoiled\Rotten (2494).jpg,1.0
spoiled\Rotten (2495).jpg,1.0
spoiled\Rotten (2496).jpg,1.0
spoiled\Rotten (2497).jpg,1.0
spoiled\Rotten (2498).jpg,1.0
spoiled\Rotten (2499).jpg,1.0
spoiled\Rotten (2500).jpg,1.0
spoiled\Rotten (2501).jpg,1.0
spoiled\Rotten (2502).jpg,1.0
spoiled\Rotten (2503).jpg,1.0
spoiled\Rotten (2504).jpg,1.0
spoiled\Rotten (2505).jpg,1.0
spoiled\Rotten (2506).jpg,1.0
spoiled\Rotten (2507).jpg,1.0
spoiled\Rotten (2508).jpg,1.0
spoiled\Rotten (2509).jpg,1.0
spoiled\Rotten (2510).jpg,1.0
spoiled\Rotten (2511).jpg,1.0
spoiled\Rotten (2512).jpg,1.0
spoiled\Rotten (2513).jpg,1.0
spoiled\Rotten (2514).jpg,1.0
spoiled\Rotten (2515).jpg,1.0
spoiled\Rotten (2516).jpg,1.0
spoiled\Rotten (2517).jpg,1.0
spoiled\Rotten (2518).jpg,1.0
spoiled\Rotten (2519).jpg,1.0
spoiled\Rotten (2520).jpg,1.0
spoiled\Rotten (2521).jpg,1.0
spoiled\Rotten (2522).jpg,1.0
spoiled\Rotten (2523).jpg,1.0
spoiled\Rotten (2524).jpg,1.0
spoiled\Rotten (2525).jpg,1.0
spoiled\Rotten (2526).jpg,1.0
spoiled\Rotten (2527).jpg,1.0
spoiled\Rotten (2528).jpg,1.0
spoiled\Rotten (2529).jpg,1.0
spoiled\Rotten (2530).jpg,1.0
spoiled\Rotten (2531).jpg,1.0
spoiled\Rotten (2532).jpg,1.0
spoiled\Rotten (2533).jpg,1.0
spoiled\Rotten (2534).jpg,1.0
spoiled\Rotten (2535).jpg,1.0
spoiled\Rotten (2536).jpg,1.0
spoiled\Rotten (2537).jpg,1.0
spoiled\Rotten (2538).jpg,1.0
spoiled\Rotten (2539).jpg,1.0
spoiled\Rotten (2540).jpg,1.0
spoiled\Rotten (2541).jpg,1.0
spoiled\Rotten (2542).jpg,1.0
spoiled\Rotten (2543).jpg,1.0
spoiled\Rotten (2544).jpg,1.0
spoiled\Rotten (2545).jpg,1.0
spoiled\Rotten (2546).jpg,1.0
spoiled\Rotten (2547).jpg,1.0
spoiled\Rotten (2548).jpg,1.0
spoiled\Rotten (2549).jpg,1.0
spoiled\Rotten (2550).jpg,1.0
spoiled\Rotten (2551).jpg,1.0
spoiled\Rotten (2552).jpg,1.0
spoiled\Rotten (2553).jpg,1.0
spoiled\Rotten (2554).jpg,1.0
spoiled\Rotten (2555).jpg,1.0
spoiled\Rotten (2556).jpg,1.0
spoiled\Rotten (2557).jpg,1.0
spoiled\Rotten (2558).jpg,1.0
spoiled\Rotten (2559).jpg,1.0
spoiled\Rotten (2560).jpg,1.0
spoiled\Rotten (2561).jpg,1.0
spoiled\Rotten (2562).jpg,1.0
spoiled\Rotten (2563).jpg,1.0
spoiled\Rotten (2564).jpg,1.0
spoiled\Rotten (2565).jpg,1.0
spoiled\Rotten (2566).jpg,1.0
spoiled\Rotten (2567).jpg,1.0
spoiled\Rotten (2568).jpg,1.0
spoiled\Rotten (2569).jpg,1.0
spoiled\Rotten (2570).jpg,1.0
spoiled\Rotten (2571).jpg,1.0
spoiled\Rotten (2572).jpg,1.0
spoiled\Rotten (2573).jpg,1.0
spoiled\Rotten (2574).jpg,1.0
spoiled\Rotten (2575).jpg,1.0
spoiled\Rotten (2576).jpg,1.0
spoiled\Rotten (2577).jpg,1.0
spoiled\Rotten (2578).jpg,1.0
spoiled\Rotten (2579).jpg,1.0
spoiled\Rotten (2580).jpg,1.0
spoiled\Rotten (2581).jpg,1.0
spoiled\Rotten (2582).jpg,1.0
spoiled\Rotten (2583).jpg,1.0
spoiled\Rotten (2584).jpg,1.0
spoiled\Rotten (2585).jpg,1.0
spoiled\Rotten (2586).jpg,1.0
spoiled\Rotten (2587).jpg,1.0
spoiled\Rotten (2588).jpg,1.0
spoiled\Rotten (2589).jpg,1.0
spoiled\Rotten (2590).jpg,1.0
spoiled\Rotten (2591).jpg,1.0
spoiled\Rotten (2592).jpg,1.0
spoiled\Rotten (2593).jpg,1.0
spoiled\Rotten (2594).jpg,1.0
spoiled\Rotten (2595).jpg,1.0
spoiled\Rotten (2596).jpg,1.0
spoiled\Rotten (2597).jpg,1.0
spoiled\Rotten (2598).jpg,1.0
spoiled\Rotten (2599).jpg,1.0
spoiled\Rotten (2600).jpg,1.0
spoiled\Rotten (2601).jpg,1.0
spoiled\Rotten (2602).jpg,1.0
spoiled\Rotten (2603).jpg,1.0
spoiled\Rotten (2604).jpg,1.0
spoiled\Rotten (2605).jpg,1.0
spoiled\Rotten (2606).jpg,1.0
spoiled\Rotten (2607).jpg,1.0
spoiled\Rotten (2608).jpg,1.0
spoiled\Rotten (2609).jpg,1.0
spoiled\Rotten (2610).jpg,1.0
spoiled\Rotten (2611).jpg,1.0
spoiled\Rotten (2612).jpg,1.0
spoiled\Rotten (2613).jpg,1.0
spoiled\Rotten (2614).jpg,1.0
spoiled\Rotten (2615).jpg,1.0
spoiled\Rotten (2616).jpg,1.0
spoiled\Rotten (2617).jpg,1.0
spoiled\Rotten (2618).jpg,1.0
spoiled\Rotten (2619).jpg,1.0
spoiled\Rotten (2620).jpg,1.0
spoiled\Rotten (2621).jpg,1.0
spoiled\Rotten (2622).jpg,1.0
spoiled\Rotten (2623).jpg,1.0
spoiled\Rotten (2624).jpg,1.0
spoiled\Rotten (2625).jpg,1.0
spoiled\Rotten (2626).jpg,1.0
spoiled\Rotten (2627).jpg,1.0
spoiled\Rotten (2628).jpg,1.0
spoiled\Rotten (2629).jpg,1.0
spoiled\Rotten (2630).jpg,1.0
spoiled\Rotten (2631).jpg,1.0
spoiled\Rotten (2632).jpg,1.0
spoiled\Rotten (2633).jpg,1.0
spoiled\Rotten (2634).jpg,1.0
spoiled\Rotten (2635).jpg,1.0
spoiled\Rotten (2636).jpg,1.0
spoiled\Rotten (2637).jpg,1.0
spoiled\Rotten (2638).jpg,1.0
spoiled\Rotten (2639).jpg,1.0
spoiled\Rotten (2640).jpg,1.0
spoiled\Rotten (2641).jpg,1.0
spoiled\Rotten (2642).jpg,1.0
spoiled\Rotten (2643).jpg,1.0
spoiled\Rotten (2644).jpg,1.0
spoiled\Rotten (2645).jpg,1.0
spoiled\Rotten (2646).jpg,1.0
spoiled\Rotten (2647).jpg,1.0
spoiled\Rotten (2648).jpg,1.0
spoiled\Rotten (2649).jpg,1.0
spoiled\Rotten (2650).jpg,1.0
spoiled\Rotten (2651).jpg,1.0
spoiled\Rotten (2652).jpg,1.0
spoiled\Rotten (2653).jpg,1.0
spoiled\Rotten (2654).jpg,1.0
spoiled\Rotten (2655).jpg,1.0
spoiled\Rotten (2656).jpg,1.0
spoiled\Rotten (2657).jpg,1.0
spoiled\Rotten (2658).jpg,1.0
spoiled\Rotten (2659).jpg,1.0
spoiled\Rotten (2660).jpg,1.0
spoiled\Rotten (2661).jpg,1.0
spoiled\Rotten (2662).jpg,1.0
spoiled\Rotten (2663).jpg,1.0
spoiled\Rotten (2664).jpg,1.0
spoiled\Rotten (2665).jpg,1.0
spoiled\Rotten (2666).jpg,1.0
spoiled\Rotten (2667).jpg,1.0
spoiled\Rotten (2668).jpg,1.0
spoiled\Rotten (2669).jpg,1.0
spoiled\Rotten (2670).jpg,1.0
spoiled\Rotten (2671).jpg,1.0
spoiled\Rotten (2672).jpg,1.0
spoiled\Rotten (2673).jpg,1.0
spoiled\Rotten (2674).jpg,1.0
spoiled\Rotten (2675).jpg,1.0
spoiled\Rotten (2676).jpg,1.0
spoiled\Rotten (2677).jpg,1.0
spoiled\Rotten (2678).jpg,1.0
spoiled\Rotten (2679).jpg,1.0
spoiled\Rotten (2680).jpg,1.0
spoiled\Rotten (2681).jpg,1.0
spoiled\Rotten (2682).jpg,1.0
spoiled\Rotten (2683).jpg,1.0
spoiled\Rotten (2684).jpg,1.0
spoiled\Rotten (2685).jpg,1.0
spoiled\Rotten (2686).jpg,1.0
spoiled\Rotten (2687).jpg,1.0
spoiled\Rotten (2688).jpg,1.0
spoiled\Rotten (2689).jpg,1.0
spoiled\Rotten (2690).jpg,1.0
spoiled\Rotten (2691).jpg,1.0
spoiled\Rotten (2692).jpg,1.0
spoiled\Rotten (2693).jpg,1.0
spoiled\Rotten (2694).jpg,1.0
spoiled\Rotten (2695).jpg,1.0
spoiled\Rotten (2696).jpg,1.0
spoiled\Rotten (2697).jpg,1.0
spoiled\Rotten (2698).jpg,1.0
spoiled\Rotten (2699).jpg,1.0
spoiled\Rotten (2700).jpg,1.0
spoiled\Rotten (2701).jpg,1.0
spoiled\Rotten (2702).jpg,1.0
spoiled\Rotten (2703).jpg,1.0
spoiled\Rotten (2704).jpg,1.0
spoiled\Rotten (2705).jpg,1.0
spoiled\Rotten (2706).jpg,1.0
spoiled\Rotten (2707).jpg,1.0
spoiled\Rotten (2708).jpg,1.0
spoiled\Rotten (2709).jpg,1.0
spoiled\Rotten (2710).jpg,1.0
spoiled\Rotten (2711).jpg,1.0
spoiled\Rotten (2712).jpg,1.0
spoiled\Rotten (2713).jpg,1.0
spoiled\Rotten (2714).jpg,1.0
spoiled\Rotten (2715).jpg,1.0
spoiled\Rotten (2716).jpg,1.0
spoiled\Rotten (2717).jpg,1.0
spoiled\Rotten (2718).jpg,1.0
spoiled\Rotten (2719).jpg,1.0
spoiled\Rotten (2720).jpg,1.0
spoiled\Rotten (2721).jpg,1.0
spoiled\Rotten (2722).jpg,1.0
spoiled\Rotten (2723).jpg,1.0
spoiled\Rotten (2724).jpg,1.0
spoiled\Rotten (2725).jpg,1.0
spoiled\Rotten (2726).jpg,1.0
spoiled\Rotten (2727).jpg,1.0
spoiled\Rotten (2728).jpg,1.0
spoiled\Rotten (2729).jpg,1.0
spoiled\Rotten (2730).jpg,1.0
spoiled\Rotten (2731).jpg,1.0
spoiled\Rotten (2732).jpg,1.0
spoiled\Rotten (2733).jpg,1.0
spoiled\Rotten (2734).jpg,1.0
spoiled\Rotten (2735).jpg,1.0
spoiled\Rotten (2736).jpg,1.0
spoiled\Rotten (2737).jpg,1.0
spoiled\Rotten (2738).jpg,1.0
spoiled\Rotten (2739).jpg,1.0
spoiled\Rotten (2740).jpg,1.0
spoiled\Rotten (2741).jpg,1.0
spoiled\Rotten (2742).jpg,1.0
spoiled\Rotten (2743).jpg,1.0
spoiled\Rotten (2744).jpg,1.0
spoiled\Rotten (2745).jpg,1.0
spoiled\Rotten (2746).jpg,1.0
spoiled\Rotten (2747).jpg,1.0
spoiled\Rotten (2748).jpg,1.0
spoiled\Rotten (2749).jpg,1.0
spoiled\Rotten (2750).jpg,1.0
spoiled\Rotten (2751).jpg,1.0
spoiled\Rotten (2752).jpg,1.0
spoiled\Rotten (2753).jpg,1.0
spoiled\Rotten (2754).jpg,1.0
spoiled\Rotten (2755).jpg,1.0
spoiled\Rotten (2756).jpg,1.0
spoiled\Rotten (2757).jpg,1.0
spoiled\Rotten (2758).jpg,1.0
spoiled\Rotten (2759).jpg,1.0
spoiled\Rotten (2760).jpg,1.0
spoiled\Rotten (2761).jpg,1.0
spoiled\Rotten (2762).jpg,1.0
spoiled\Rotten (2763).jpg,1.0
spoiled\Rotten (2764).jpg,1.0
spoiled\Rotten (2765).jpg,1.0
spoiled\Rotten (2766).jpg,1.0
spoiled\Rotten (2767).jpg,1.0
spoiled\Rotten (2768).jpg,1.0
spoiled\Rotten (2769).jpg,1.0
spoiled\Rotten (2770).jpg,1.0
spoiled\Rotten (2771).jpg,1.0
spoiled\Rotten (2772).jpg,1.0
spoiled\Rotten (2773).jpg,1.0
spoiled\Rotten (2774).jpg,1.0
spoiled\Rotten (2775).jpg,1.0
spoiled\Rotten (2776).jpg,1.0
spoiled\Rotten (2777).jpg,1.0
spoiled\Rotten (2778).jpg,1.0
spoiled\Rotten (2779).jpg,1.0
spoiled\Rotten (2780).jpg,1.0
spoiled\Rotten (2781).jpg,1.0
spoiled\Rotten (2782).jpg,1.0
spoiled\Rotten (2783).jpg,1.0
spoiled\Rotten (2784).jpg,1.0
spoiled\Rotten (2785).jpg,1.0
spoiled\Rotten (2786).jpg,1.0
spoiled\Rotten (2787).jpg,1.0
spoiled\Rotten (2788).jpg,1.0
spoiled\Rotten (2789).jpg,1.0
spoiled\Rotten (2790).jpg,1.0
spoiled\Rotten (2791).jpg,1.0
spoiled\Rotten (2792).jpg,1.0
spoiled\Rotten (2793).jpg,1.0
spoiled\Rotten (2794).jpg,1.0
spoiled\Rotten (2795).jpg,1.0
spoiled\Rotten (2796).jpg,1.0
spoiled\Rotten (2797).jpg,1.0
spoiled\Rotten (2798).jpg,1.0
spoiled\Rotten (2799).jpg,1.0
spoiled\Rotten (2800).jpg,1.0
spoiled\Rotten (2801).jpg,1.0
spoiled\Rotten (2802).jpg,1.0
spoiled\Rotten (2803).jpg,1.0
spoiled\Rotten (2804).jpg,1.0
spoiled\Rotten (2805).jpg,1.0
spoiled\Rotten (2806).jpg,1.0
spoiled\Rotten (2807).jpg,1.0
spoiled\Rotten (2808).jpg,1.0
spoiled\Rotten (2809).jpg,1.0
spoiled\Rotten (2810).jpg,1.0
spoiled\Rotten (2811).jpg,1.0
spoiled\Rotten (2812).jpg,1.0
spoiled\Rotten (2813).jpg,1.0
spoiled\Rotten (2814).jpg,1.0
spoiled\Rotten (2815).jpg,1.0
spoiled\Rotten (2816).jpg,1.0
spoiled\Rotten (2817).jpg,1.0
spoiled\Rotten (2818).jpg,1.0
spoiled\Rotten (2819).jpg,1.0
spoiled\Rotten (2820).jpg,1.0
spoiled\Rotten (2821).jpg,1.0
spoiled\Rotten (2822).jpg,1.0
spoiled\Rotten (2823).jpg,1.0
spoiled\Rotten (2824).jpg,1.0
spoiled\Rotten (2825).jpg,1.0
spoiled\Rotten (2826).jpg,1.0
spoiled\Rotten (2827).jpg,1.0
spoiled\Rotten (2828).jpg,1.0
spoiled\Rotten (2829).jpg,1.0
spoiled\Rotten (2830).jpg,1.0
spoiled\Rotten (2831).jpg,1.0
spoiled\Rotten (2832).jpg,1.0
spoiled\Rotten (2833).jpg,1.0
spoiled\Rotten (2834).jpg,1.0
spoiled\Rotten (2835).jpg,1.0
spoiled\Rotten (2836).jpg,1.0
spoiled\Rotten (2837).jpg,1.0
spoiled\Rotten (2838).jpg,1.0
spoiled\Rotten (2839).jpg,1.0
spoiled\Rotten (2840).jpg,1.0
spoiled\Rotten (2841).jpg,1.0
spoiled\Rotten (2842).jpg,1.0
spoiled\Rotten (2843).jpg,1.0
spoiled\Rotten (2844).jpg,1.0
spoiled\Rotten (2845).jpg,1.0
spoiled\Rotten (2846).jpg,1.0
spoiled\Rotten (2847).jpg,1.0
spoiled\Rotten (2848).jpg,1.0
spoiled\Rotten (2849).jpg,1.0
spoiled\Rotten (2850).jpg,1.0
spoiled\Rotten (2851).jpg,1.0
spoiled\Rotten (2852).jpg,1.0
spoiled\Rotten (2853).jpg,1.0
spoiled\Rotten (2854).jpg,1.0
spoiled\Rotten (2855).jpg,1.0
spoiled\Rotten (2856).jpg,1.0
spoiled\Rotten (2857).jpg,1.0
spoiled\Rotten (2858).jpg,1.0
spoiled\Rotten (2859).jpg,1.0
spoiled\Rotten (2860).jpg,1.0
spoiled\Rotten (2861).jpg,1.0
spoiled\Rotten (2862).jpg,1.0
spoiled\Rotten (2863).jpg,1.0
spoiled\Rotten (2864).jpg,1.0
spoiled\Rotten (2865).jpg,1.0
spoiled\Rotten (2866).jpg,1.0
spoiled\Rotten (2867).jpg,1.0
spoiled\Rotten (2868).jpg,1.0
spoiled\Rotten (2869).jpg,1.0
spoiled\Rotten (2870).jpg,1.0
spoiled\Rotten (2871).jpg,1.0
spoiled\Rotten (2872).jpg,1.0
spoiled\Rotten (2873).jpg,1.0
spoiled\Rotten (2874).jpg,1.0
spoiled\Rotten (2875).jpg,1.0
spoiled\Rotten (2876).jpg,1.0
spoiled\Rotten (2877).jpg,1.0
spoiled\Rotten (2878).jpg,1.0
spoiled\Rotten (2879).jpg,1.0
spoiled\Rotten (2880).jpg,1.0
spoiled\Rotten (2881).jpg,1.0
spoiled\Rotten (2882).jpg,1.0
spoiled\Rotten (2883).jpg,1.0
spoiled\Rotten (2884).jpg,1.0
spoiled\Rotten (2885).jpg,1.0
spoiled\Rotten (2886).jpg,1.0
spoiled\Rotten (2887).jpg,1.0
spoiled\Rotten (2888).jpg,1.0
spoiled\Rotten (2889).jpg,1.0
spoiled\Rotten (2890).jpg,1.0
spoiled\Rotten (2891).jpg,1.0
spoiled\Rotten (2892).jpg,1.0
spoiled\Rotten (2893).jpg,1.0
spoiled\Rotten (2894).jpg,1.0
spoiled\Rotten (2895).jpg,1.0
spoiled\Rotten (2896).jpg,1.0
spoiled\Rotten (2897).jpg,1.0
spoiled\Rotten (2898).jpg,1.0
spoiled\Rotten (2899).jpg,1.0
spoiled\Rotten (2900).jpg,1.0
spoiled\Rotten (2901).jpg,1.0
spoiled\Rotten (2902).jpg,1.0
spoiled\Rotten (2903).jpg,1.0
spoiled\Rotten (2904).jpg,1.0
spoiled\Rotten (2905).jpg,1.0
spoiled\Rotten (2906).jpg,1.0
spoiled\Rotten (2907).jpg,1.0
spoiled\Rotten (2908).jpg,1.0
spoiled\Rotten (2909).jpg,1.0
spoiled\Rotten (2910).jpg,1.0
spoiled\Rotten (2911).jpg,1.0
spoiled\Rotten (2912).jpg,1.0
spoiled\Rotten (2913).jpg,1.0
spoiled\Rotten (2914).jpg,1.0
spoiled\Rotten (2915).jpg,1.0
spoiled\Rotten (2916).jpg,1.0
spoiled\Rotten (2917).jpg,1.0
spoiled\Rotten (2918).jpg,1.0
spoiled\Rotten (2919).jpg,1.0
spoiled\Rotten (2920).jpg,1.0
spoiled\Rotten (2921).jpg,1.0
spoiled\Rotten (2922).jpg,1.0
spoiled\Rotten (2923).jpg,1.0
spoiled\Rotten (2924).jpg,1.0
spoiled\Rotten (2925).jpg,1.0
spoiled\Rotten (2926).jpg,1.0
spoiled\Rotten (2927).jpg,1.0
spoiled\Rotten (2928).jpg,1.0
spoiled\Rotten (2929).jpg,1.0
spoiled\Rotten (2930).jpg,1.0
spoiled\Rotten (2931).jpg,1.0
spoiled\Rotten (2932).jpg,1.0
spoiled\Rotten (2933).jpg,1.0
spoiled\Rotten (2934).jpg,1.0
spoiled\Rotten (2935).jpg,1.0
spoiled\Rotten (2936).jpg,1.0
spoiled\Rotten (2937).jpg,1.0
spoiled\Rotten (2938).jpg,1.0
spoiled\Rotten (2939).jpg,1.0
spoiled\Rotten (2940).jpg,1.0
spoiled\Rotten (2941).jpg,1.0
spoiled\Rotten (2942).jpg,1.0
spoiled\Rotten (2943).jpg,1.0
spoiled\Rotten (2944).jpg,1.0
spoiled\Rotten (2945).jpg,1.0
spoiled\Rotten (2946).jpg,1.0
spoiled\Rotten (2947).jpg,1.0
spoiled\Rotten (2948).jpg,1.0
spoiled\Rotten (2949).jpg,1.0
spoiled\Rotten (2950).jpg,1.0
spoiled\Rotten (2951).jpg,1.0
spoiled\Rotten (2952).jpg,1.0
spoiled\Rotten (2953).jpg,1.0
spoiled\Rotten (2954).jpg,1.0
spoiled\Rotten (2955).jpg,1.0
spoiled\Rotten (2956).jpg,1.0
spoiled\Rotten (2957).jpg,1.0
spoiled\Rotten (2958).jpg,1.0
spoiled\Rotten (2959).jpg,1.0
spoiled\Rotten (2960).jpg,1.0
spoiled\Rotten (2961).jpg,1.0
spoiled\Rotten (2962).jpg,1.0
spoiled\Rotten (2963).jpg,1.0
spoiled\Rotten (2964).jpg,1.0
spoiled\Rotten (2965).jpg,1.0
spoiled\Rotten (2966).jpg,1.0
spoiled\Rotten (2967).jpg,1.0
spoiled\Rotten (2968).jpg,1.0
spoiled\Rotten (2969).jpg,1.0
spoiled\Rotten (2970).jpg,1.0
spoiled\Rotten (2971).jpg,1.0
spoiled\Rotten (2972).jpg,1.0
spoiled\Rotten (2973).jpg,1.0
spoiled\Rotten (2974).jpg,1.0
spoiled\Rotten (2975).jpg,1.0
spoiled\Rotten (2976).jpg,1.0
spoiled\Rotten (2977).jpg,1.0
spoiled\Rotten (2978).jpg,1.0
spoiled\Rotten (2979).jpg,1.0
spoiled\Rotten (2980).jpg,1.0
spoiled\Rotten (2981).jpg,1.0
spoiled\Rotten (2982).jpg,1.0
spoiled\Rotten (2983).jpg,1.0
spoiled\Rotten (2984).jpg,1.0
spoiled\Rotten (2985).jpg,1.0
spoiled\Rotten (2986).jpg,1.0
spoiled\Rotten (2987).jpg,1.0
spoiled\Rotten (2988).jpg,1.0
spoiled\Rotten (2989).jpg,1.0
spoiled\Rotten (2990).jpg,1.0
spoiled\Rotten (2991).jpg,1.0
spoiled\Rotten (2992).jpg,1.0
spoiled\Rotten (2993).jpg,1.0
spoiled\Rotten (2994).jpg,1.0
spoiled\Rotten (2995).jpg,1.0
spoiled\Rotten (2996).jpg,1.0
spoiled\Rotten (2997).jpg,1.0
spoiled\Rotten (2998).jpg,1.0
spoiled\Rotten (2999).jpg,1.0
spoiled\Rotten (3000).jpg,1.0
spoiled\Rotten (3001).jpg,1.0
spoiled\Rotten (3002).jpg,1.0
spoiled\Rotten (3003).jpg,1.0
spoiled\Rotten (3004).jpg,1.0
spoiled\Rotten (3005).jpg,1.0
spoiled\Rotten (3006).jpg,1.0
spoiled\Rotten (3007).jpg,1.0
spoiled\Rotten (3008).jpg,1.0
spoiled\Rotten (3009).jpg,1.0
spoiled\Rotten (3010).jpg,1.0
spoiled\Rotten (3011).jpg,1.0
spoiled\Rotten (3012).jpg,1.0
spoiled\Rotten (3013).jpg,1.0
spoiled\Rotten (3014).jpg,1.0
spoiled\Rotten (3015).jpg,1.0
spoiled\Rotten (3016).jpg,1.0
spoiled\Rotten (3017).jpg,1.0
spoiled\Rotten (3018).jpg,1.0
spoiled\Rotten (3019).jpg,1.0
spoiled\Rotten (3020).jpg,1.0
spoiled\Rotten (3021).jpg,1.0
spoiled\Rotten (3022).jpg,1.0
spoiled\Rotten (3023).jpg,1.0
spoiled\Rotten (3024).jpg,1.0
spoiled\Rotten (3025).jpg,1.0
spoiled\Rotten (3026).jpg,1.0
spoiled\Rotten (3027).jpg,1.0
spoiled\Rotten (3028).jpg,1.0
spoiled\Rotten (3029).jpg,1.0
spoiled\Rotten (3030).jpg,1.0
spoiled\Rotten (3031).jpg,1.0
spoiled\Rotten (3032).jpg,1.0
spoiled\Rotten (3033).jpg,1.0
spoiled\Rotten (3034).jpg,1.0
spoiled\Rotten (3035).jpg,1.0
spoiled\Rotten (3036).jpg,1.0
spoiled\Rotten (3037).jpg,1.0
spoiled\Rotten (3038).jpg,1.0
spoiled\Rotten (3039).jpg,1.0
spoiled\Rotten (3040).jpg,1.0
spoiled\Rotten (3041).jpg,1.0
spoiled\Rotten (3042).jpg,1.0
spoiled\Rotten (3043).jpg,1.0
spoiled\Rotten (3044).jpg,1.0
spoiled\Rotten (3045).jpg,1.0
spoiled\Rotten (3046).jpg,1.0
spoiled\Rotten (3047).jpg,1.0
spoiled\Rotten (3048).jpg,1.0
spoiled\Rotten (3049).jpg,1.0
spoiled\Rotten (3050).jpg,1.0
spoiled\Rotten (3051).jpg,1.0
spoiled\Rotten (3052).jpg,1.0
spoiled\Rotten (3053).jpg,1.0
spoiled\Rotten (3054).jpg,1.0
spoiled\Rotten (3055).jpg,1.0
spoiled\Rotten (3056).jpg,1.0
spoiled\Rotten (3057).jpg,1.0
spoiled\Rotten (3058).jpg,1.0
spoiled\Rotten (3059).jpg,1.0
spoiled\Rotten (3060).jpg,1.0
spoiled\Rotten (3061).jpg,1.0
spoiled\Rotten (3062).jpg,1.0
spoiled\Rotten (3063).jpg,1.0
spoiled\Rotten (3064).jpg,1.0
spoiled\Rotten (3065).jpg,1.0
spoiled\Rotten (3066).jpg,1.0
spoiled\Rotten (3067).jpg,1.0
spoiled\Rotten (3068).jpg,1.0
spoiled\Rotten (3069).jpg,1.0
spoiled\Rotten (3070).jpg,1.0
spoiled\Rotten (3071).jpg,1.0
spoiled\Rotten (3072).jpg,1.0
spoiled\Rotten (3073).jpg,1.0
spoiled\Rotten (3074).jpg,1.0
spoiled\Rotten (3075).jpg,1.0
spoiled\Rotten (3076).jpg,1.0
spoiled\Rotten (3077).jpg,1.0
spoiled\Rotten (3078).jpg,1.0
spoiled\Rotten (3079).jpg,1.0
spoiled\Rotten (3080).jpg,1.0
spoiled\Rotten (3081).jpg,1.0
spoiled\Rotten (3082).jpg,1.0
spoiled\Rotten (3083).jpg,1.0
spoiled\Rotten (3084).jpg,1.0
spoiled\Rotten (3085).jpg,1.0
spoiled\Rotten (3086).jpg,1.0
spoiled\Rotten (3087).jpg,1.0
spoiled\Rotten (3088).jpg,1.0
spoiled\Rotten (3089).jpg,1.0
spoiled\Rotten (3090).jpg,1.0
spoiled\Rotten (3091).jpg,1.0
spoiled\Rotten (3092).jpg,1.0
spoiled\Rotten (3093).jpg,1.0
spoiled\Rotten (3094).jpg,1.0
spoiled\Rotten (3095).jpg,1.0
spoiled\Rotten (3096).jpg,1.0
spoiled\Rotten (3097).jpg,1.0
spoiled\Rotten (3098).jpg,1.0
spoiled\Rotten (3099).jpg,1.0
spoiled\Rotten (3100).jpg,1.0
spoiled\Rotten (3101).jpg,1.0
spoiled\Rotten (3102).jpg,1.0
spoiled\Rotten (3103).jpg,1.0
spoiled\Rotten (3104).jpg,1.0
spoiled\Rotten (3105).jpg,1.0
spoiled\Rotten (3106).jpg,1.0
spoiled\Rotten (3107).jpg,1.0
spoiled\Rotten (3108).jpg,1.0
spoiled\Rotten (3109).jpg,1.0
spoiled\Rotten (3110).jpg,1.0
spoiled\Rotten (3111).jpg,1.0
spoiled\Rotten (3112).jpg,1.0
spoiled\Rotten (3113).jpg,1.0
spoiled\Rotten (3114).jpg,1.0
spoiled\Rotten (3115).jpg,1.0
spoiled\Rotten (3116).jpg,1.0
spoiled\Rotten (3117).jpg,1.0
spoiled\Rotten (3118).jpg,1.0
spoiled\Rotten (3119).jpg,1.0
spoiled\Rotten (3120).jpg,1.0
spoiled\Rotten (3121).jpg,1.0
spoiled\Rotten (3122).jpg,1.0
spoiled\Rotten (3123).jpg,1.0
spoiled\Rotten (3124).jpg,1.0
spoiled\Rotten (3125).jpg,1.0
spoiled\Rotten (3126).jpg,1.0
spoiled\Rotten (3127).jpg,1.0
spoiled\Rotten (3128).jpg,1.0
spoiled\Rotten (3129).jpg,1.0
spoiled\Rotten (3130).jpg,1.0
spoiled\Rotten (3131).jpg,1.0
spoiled\Rotten (3132).jpg,1.0
spoiled\Rotten (3133).jpg,1.0
spoiled\Rotten (3134).jpg,1.0
spoiled\Rotten (3135).jpg,1.0
spoiled\Rotten (3136).jpg,1.0
spoiled\Rotten (3137).jpg,1.0
spoiled\Rotten (3138).jpg,1.0
spoiled\Rotten (3139).jpg,1.0
spoiled\Rotten (3140).jpg,1.0
spoiled\Rotten (3141).jpg,1.0
spoiled\Rotten (3142).jpg,1.0
spoiled\Rotten (3143).jpg,1.0
spoiled\Rotten (3144).jpg,1.0
spoiled\Rotten (3145).jpg,1.0
spoiled\Rotten (3146).jpg,1.0
spoiled\Rotten (3147).jpg,1.0
spoiled\Rotten (3148).jpg,1.0
spoiled\Rotten (3149).jpg,1.0
spoiled\Rotten (3150).jpg,1.0
spoiled\Rotten (3151).jpg,1.0
spoiled\Rotten (3152).jpg,1.0
spoiled\Rotten (3153).jpg,1.0
spoiled\Rotten (3154).jpg,1.0
spoiled\Rotten (3155).jpg,1.0
spoiled\Rotten (3156).jpg,1.0
spoiled\Rotten (3157).jpg,1.0
spoiled\Rotten (3158).jpg,1.0
spoiled\Rotten (3159).jpg,1.0
spoiled\Rotten (3160).jpg,1.0
spoiled\Rotten (3161).jpg,1.0
spoiled\Rotten (3162).jpg,1.0
spoiled\Rotten (3163).jpg,1.0
spoiled\Rotten (3164).jpg,1.0
spoiled\Rotten (3165).jpg,1.0
spoiled\Rotten (3166).jpg,1.0
spoiled\Rotten (3167).jpg,1.0
spoiled\Rotten (3168).jpg,1.0
spoiled\Rotten (3169).jpg,1.0
spoiled\Rotten (3170).jpg,1.0
spoiled\Rotten (3171).jpg,1.0
spoiled\Rotten (3172).jpg,1.0
spoiled\Rotten (3173).jpg,1.0
spoiled\Rotten (3174).jpg,1.0
spoiled\Rotten (3175).jpg,1.0
spoiled\Rotten (3176).jpg,1.0
spoiled\Rotten (3177).jpg,1.0
spoiled\Rotten (3178).jpg,1.0
spoiled\Rotten (3179).jpg,1.0
spoiled\Rotten (3180).jpg,1.0
spoiled\Rotten (3181).jpg,1.0
spoiled\Rotten (3182).jpg,1.0
spoiled\Rotten (3183).jpg,1.0
spoiled\Rotten (3184).jpg,1.0
spoiled\Rotten (3185).jpg,1.0
spoiled\Rotten (3186).jpg,1.0
spoiled\Rotten (3187).jpg,1.0
spoiled\Rotten (3188).jpg,1.0
spoiled\Rotten (3189).jpg,1.0
spoiled\Rotten (3190).jpg,1.0
spoiled\Rotten (3191).jpg,1.0
spoiled\Rotten (3192).jpg,1.0
spoiled\Rotten (3193).jpg,1.0
spoiled\Rotten (3194).jpg,1.0
spoiled\Rotten (3195).jpg,1.0
spoiled\Rotten (3196).jpg,1.0
spoiled\Rotten (3197).jpg,1.0
spoiled\Rotten (3198).jpg,1.0
spoiled\Rotten (3199).jpg,1.0
spoiled\Rotten (3200).jpg,1.0
spoiled\Rotten (3201).jpg,1.0
spoiled\Rotten (3202).jpg,1.0
spoiled\Rotten (3203).jpg,1.0
spoiled\Rotten (3204).jpg,1.0
spoiled\Rotten (3205).jpg,1.0
spoiled\Rotten (3206).jpg,1.0
spoiled\Rotten (3207).jpg,1.0
spoiled\Rotten (3208).jpg,1.0
spoiled\Rotten (3209).jpg,1.0
spoiled\Rotten (3210).jpg,1.0
spoiled\Rotten (3211).jpg,1.0
spoiled\Rotten (3212).jpg,1.0
spoiled\Rotten (3213).jpg,1.0
spoiled\Rotten (3214).jpg,1.0
spoiled\Rotten (3215).jpg,1.0
spoiled\Rotten (3216).jpg,1.0
spoiled\Rotten (3217).jpg,1.0
spoiled\Rotten (3218).jpg,1.0
spoiled\Rotten (3219).jpg,1.0
spoiled\Rotten (3220).jpg,1.0
spoiled\Rotten (3221).jpg,1.0
spoiled\Rotten (3222).jpg,1.0
spoiled\Rotten (3223).jpg,1.0
spoiled\Rotten (3224).jpg,1.0
spoiled\Rotten (3225).jpg,1.0
spoiled\Rotten (3226).jpg,1.0
spoiled\Rotten (3227).jpg,1.0
spoiled\Rotten (3228).jpg,1.0
spoiled\Rotten (3229).jpg,1.0
spoiled\Rotten (3230).jpg,1.0
spoiled\Rotten (3231).jpg,1.0
spoiled\Rotten (3232).jpg,1.0
spoiled\Rotten (3233).jpg,1.0
spoiled\Rotten (3234).jpg,1.0
spoiled\Rotten (3235).jpg,1.0
spoiled\Rotten (3236).jpg,1.0
spoiled\Rotten (3237).jpg,1.0
spoiled\Rotten (3238).jpg,1.0
spoiled\Rotten (3239).jpg,1.0
spoiled\Rotten (3240).jpg,1.0
spoiled\Rotten (3241).jpg,1.0
spoiled\Rotten (3242).jpg,1.0
spoiled\Rotten (3243).jpg,1.0
spoiled\Rotten (3244).jpg,1.0
spoiled\Rotten (3245).jpg,1.0
spoiled\Rotten (3246).jpg,1.0
spoiled\Rotten (3247).jpg,1.0
spoiled\Rotten (3248).jpg,1.0
spoiled\Rotten (3249).jpg,1.0
spoiled\Rotten (3250).jpg,1.0
spoiled\Rotten (3251).jpg,1.0
spoiled\Rotten (3252).jpg,1.0
spoiled\Rotten (3253).jpg,1.0
spoiled\Rotten (3254).jpg,1.0
spoiled\Rotten (3255).jpg,1.0
spoiled\Rotten (3256).jpg,1.0
spoiled\Rotten (3257).jpg,1.0
spoiled\Rotten (3258).jpg,1.0
spoiled\Rotten (3259).jpg,1.0
spoiled\Rotten (3260).jpg,1.0
spoiled\Rotten (3261).jpg,1.0
spoiled\Rotten (3262).jpg,1.0
spoiled\Rotten (3263).jpg,1.0
spoiled\Rotten (3264).jpg,1.0
spoiled\Rotten (3265).jpg,1.0
spoiled\Rotten (3266).jpg,1.0
spoiled\Rotten (3267).jpg,1.0
